a.s,x
0,4.97980344895
0,5.05192913521
0,5.38022046927
0,5.71406684486
0,5.71778276188
0,5.8506052884
0,5.96105997361
0,6.01284071507
0,6.06995625648
0,6.08399811277
0,6.13120689805
0,6.15039065837
0,6.15998705887
0,6.16874380738
0,6.21615409684
0,6.2393884499
0,6.25916101061
0,6.33533595287
0,6.33598105148
0,6.35635423809
0,6.39003894222
0,6.40760794607
0,6.41978083119
0,6.4278883681
0,6.46466730366
0,6.47746539729
0,6.51208430326
0,6.53807111394
0,6.54435030345
0,6.57948940178
0,6.6916334627
0,6.78538976135
0,6.84606545891
0,6.84836644553
0,6.86707692815
0,6.87001115077
0,6.89813739281
0,6.91220167917
0,6.91534103082
0,6.92706302074
0,6.9342471303
0,6.93879874745
0,6.97713934582
0,6.98716202646
0,6.99444527134
0,7.00548892528
0,7.00937599436
0,7.04330832853
0,7.0990342022
0,7.10268109862
0,7.11347775169
0,7.11453758395
0,7.13255631601
0,7.1559348726
0,7.16870705251
0,7.1739097133
0,7.20092043719
0,7.2080317089
0,7.21301104018
0,7.21472273983
0,7.26426689423
0,7.31362532238
0,7.31983860976
0,7.3314751768
0,7.3575203154
0,7.3588515963
0,7.38342952669
0,7.39438866129
0,7.40016399925
0,7.40455012317
0,7.41274511804
0,7.42070276612
0,7.42751399711
0,7.47744223401
0,7.50972494771
0,7.51762161506
0,7.52369210089
0,7.52889840414
0,7.53293402601
0,7.54138030791
0,7.55220841867
0,7.55778247771
0,7.6268717511
0,7.62865753875
0,7.64533050218
0,7.65851323999
0,7.66648527265
0,7.67414434603
0,7.67860911218
0,7.68708960233
0,7.73055310154
0,7.73313032341
0,7.73800459977
0,7.73980671083
0,7.76388668692
0,7.76532410338
0,7.76925983271
0,7.78504446604
0,7.82797211124
0,7.84695466906
0,7.86212384564
0,7.87862840533
0,7.88172855074
0,7.88724808246
0,7.90497811655
0,7.91049628366
0,7.93167042035
0,7.934873228
0,7.94477890851
0,7.97345568816
0,7.97446979311
0,8.00063603155
0,8.01175083048
0,8.02166113525
0,8.02384104037
0,8.02893596646
0,8.03090449871
0,8.03228942111
0,8.03494765584
0,8.04155563434
0,8.04587246142
0,8.05255787881
0,8.05715900111
0,8.06032286157
0,8.08105981807
0,8.11171313925
0,8.11327967582
0,8.13040963227
0,8.13729097685
0,8.13771305835
0,8.14112421007
0,8.14506391232
0,8.1721331844
0,8.17237203386
0,8.17636936808
0,8.17980990166
0,8.18810486866
0,8.19089788687
0,8.20332869816
0,8.23750676825
0,8.24560245434
0,8.26063850154
0,8.27747980843
0,8.29705407669
0,8.30264544702
0,8.30487747176
0,8.3228875143
0,8.33061859476
0,8.33239673728
0,8.3343658963
0,8.33568866917
0,8.37045009216
0,8.39656836346
0,8.40381248292
0,8.42045249943
0,8.42197509001
0,8.42212595798
0,8.4436363757
0,8.46270679384
0,8.46799082022
0,8.47344860514
0,8.47709575653
0,8.50097537455
0,8.50239526182
0,8.50884108046
0,8.5232714447
0,8.52503410161
0,8.54415447466
0,8.54507853799
0,8.57023250101
0,8.57662168
0,8.59328909805
0,8.59571022342
0,8.59579681866
0,8.65206079738
0,8.65303078544
0,8.65764197787
0,8.65935038448
0,8.68012383809
0,8.68166178854
0,8.68809893754
0,8.69504909537
0,8.71450923141
0,8.71871162795
0,8.72092810852
0,8.72614615939
0,8.7314383987
0,8.7397826268
0,8.74141177702
0,8.75712347103
0,8.77472441229
0,8.79483626954
0,8.79488102936
0,8.79498753727
0,8.8109648382
0,8.81201830967
0,8.81536875723
0,8.84184778499
0,8.84575129092
0,8.84589372981
0,8.85665976122
0,8.87059484889
0,8.875694265
0,8.87842619208
0,8.8848038103
0,8.89377213421
0,8.90935922545
0,8.91021242402
0,8.91172427194
0,8.92202982369
0,8.92597048751
0,8.9310774115
0,8.93109325363
0,8.94558895683
0,8.95330400648
0,8.99175527424
0,8.99210987592
0,8.99721449914
0,8.99755774085
0,8.99848824857
0,9.01267664034
0,9.02125275632
0,9.02918339756
0,9.02941385351
0,9.03214947318
0,9.0461606662
0,9.06348403901
0,9.06670347253
0,9.06690329389
0,9.06836095639
0,9.06960420618
0,9.07111786558
0,9.07979026055
0,9.08487430109
0,9.09016699071
0,9.09054223567
0,9.09564658706
0,9.10223438012
0,9.11024788285
0,9.11489308308
0,9.12237159302
0,9.12870154846
0,9.12944665922
0,9.13509111156
0,9.14357644087
0,9.1529918748
0,9.1558007438
0,9.16682704086
0,9.17881413923
0,9.18890795067
0,9.18975258368
0,9.20106970849
0,9.20293092279
0,9.2089926564
0,9.21074049275
0,9.21229780963
0,9.23642641297
0,9.24258478482
0,9.25500009199
0,9.25966238159
0,9.26203905306
0,9.2642124728
0,9.26447437648
0,9.26850557617
0,9.26940918223
0,9.27809147626
0,9.28141022519
0,9.28209062046
0,9.28889020752
0,9.2933942719
0,9.29362997205
0,9.29955063156
0,9.30550139344
0,9.30749356133
0,9.31424753919
0,9.31726443898
0,9.32642126843
0,9.32847292697
0,9.33029168738
0,9.33189705235
0,9.33583800227
0,9.33608258983
0,9.33667656782
0,9.33703853725
0,9.34042447145
0,9.36208494774
0,9.36366520541
0,9.36492760788
0,9.37557544082
0,9.38065484087
0,9.38245528939
0,9.38634629229
0,9.39068604283
0,9.40241368992
0,9.41170006865
0,9.41343947766
0,9.42956149505
0,9.43290827191
0,9.45000166402
0,9.45387290252
0,9.46177778208
0,9.46435411059
0,9.46472747317
0,9.48195482716
0,9.48873246489
0,9.49192089008
0,9.49730340829
0,9.50001143081
0,9.50401195049
0,9.50436292058
0,9.50518535211
0,9.50859801077
0,9.52118905973
0,9.52133185087
0,9.52311330321
0,9.52657948662
0,9.53462900914
0,9.53883287874
0,9.53985424803
0,9.55063956737
0,9.5546747599
0,9.55729261498
0,9.55797431749
0,9.5658462351
0,9.56852986777
0,9.57732992704
0,9.58279524569
0,9.58477599319
0,9.58845921684
0,9.591748766
0,9.59507131977
0,9.59641012532
0,9.60442839678
0,9.6044576862
0,9.61116920038
0,9.62092419962
0,9.6221925687
0,9.64071906451
0,9.64971262968
0,9.65312177202
0,9.65360289157
0,9.65812121175
0,9.66362077795
0,9.66419969064
0,9.6668843821
0,9.67303099151
0,9.6773744237
0,9.6779351898
0,9.67912716674
0,9.67913905739
0,9.68066982918
0,9.68703624976
0,9.71494680064
0,9.72647755563
0,9.73379861343
0,9.73954185126
0,9.74246281367
0,9.74308184528
0,9.74379518418
0,9.74944497207
0,9.75963201394
0,9.76543417145
0,9.76926733571
0,9.7760304763
0,9.78155205112
0,9.78606259869
0,9.78931385356
0,9.79424223309
0,9.79464651854
0,9.79714440315
0,9.80425015693
0,9.80896370506
0,9.82371254194
0,9.8373332983
0,9.83771276588
0,9.83981210596
0,9.84253076499
0,9.84993624122
0,9.85875717657
0,9.86678049005
0,9.86807379985
0,9.87431603201
0,9.87768056178
0,9.88108172383
0,9.89339348103
0,9.89365562862
0,9.89780402354
0,9.90182358022
0,9.90250334184
0,9.90557100092
0,9.90579767482
0,9.92695746524
0,9.92755056841
0,9.92806821633
0,9.93766026355
0,9.93837127084
0,9.93905307457
0,9.94047605865
0,9.94621435629
0,9.94846799513
0,9.95014222676
0,9.9523419066
0,9.95284279522
0,9.9577380027
0,9.96612128723
0,9.96978661201
0,9.97335339413
0,9.97535037339
0,9.97648809471
0,9.97747345015
0,9.98292084844
0,10.0054122876
0,10.0167245093
0,10.0208692509
0,10.0220940949
0,10.02278095
0,10.024086141
0,10.0264512242
0,10.0265136664
0,10.0314184401
0,10.0316849465
0,10.0327031286
0,10.0374737881
0,10.0377382612
0,10.0452560638
0,10.0454907782
0,10.0461967014
0,10.0462983172
0,10.0472082504
0,10.0505917028
0,10.0543871188
0,10.0594937746
0,10.0622810394
0,10.0716037795
0,10.0720443401
0,10.0751593064
0,10.0829160613
0,10.0929794452
0,10.0960250121
0,10.1000542043
0,10.1026117349
0,10.1108173727
0,10.1220801968
0,10.1256309945
0,10.1274990443
0,10.130853014
0,10.1377783141
0,10.1449214997
0,10.1450943431
0,10.1455123117
0,10.1469383277
0,10.1472698858
0,10.1485108362
0,10.1561071425
0,10.1604219481
0,10.1693654286
0,10.1712576766
0,10.1729941954
0,10.1741792067
0,10.1836943002
0,10.1856091454
0,10.1974714711
0,10.2004717071
0,10.2017153892
0,10.2059276155
0,10.2065647763
0,10.2223425142
0,10.2230702006
0,10.2292187972
0,10.2332726604
0,10.2339511567
0,10.2369203986
0,10.2391674371
0,10.2397191634
0,10.2414958881
0,10.247045179
0,10.252263287
0,10.2534540302
0,10.2548875086
0,10.2556675041
0,10.2598348563
0,10.262736676
0,10.2638581737
0,10.2659606059
0,10.2810292172
0,10.2823722047
0,10.2834861906
0,10.2909836671
0,10.3082022979
0,10.3095108977
0,10.3095608244
0,10.3115378258
0,10.3157339764
0,10.3165317772
0,10.3185834072
0,10.3215791377
0,10.3251097304
0,10.3268013145
0,10.343999241
0,10.3498816641
0,10.3523199751
0,10.3565552407
0,10.3570129379
0,10.3648014312
0,10.3689110755
0,10.3767369836
0,10.3778554611
0,10.3804466498
0,10.38207641
0,10.3835560819
0,10.3917555568
0,10.4017972573
0,10.4054221376
0,10.4078752401
0,10.4132970268
0,10.4148000585
0,10.4157710823
0,10.4203880926
0,10.4217169977
0,10.4219681393
0,10.4225825742
0,10.4234498422
0,10.4273819171
0,10.4278150994
0,10.4329049068
0,10.4341876148
0,10.4359839662
0,10.4373359478
0,10.4396599347
0,10.440859016
0,10.4476030931
0,10.4491943208
0,10.4512982198
0,10.4521904138
0,10.455314035
0,10.4557646034
0,10.4594846024
0,10.4671580689
0,10.4788811552
0,10.4817566152
0,10.4878416597
0,10.492511521
0,10.493398222
0,10.4971875398
0,10.5045933093
0,10.5123641353
0,10.5171641203
0,10.5183250804
0,10.5210143762
0,10.5256093208
0,10.5284338269
0,10.534320853
0,10.5399264483
0,10.5463968357
0,10.5503535529
0,10.5517793346
0,10.5585982265
0,10.5644586553
0,10.5646380092
0,10.5701584546
0,10.5714466897
0,10.5733883518
0,10.5771266819
0,10.5811245339
0,10.5855190789
0,10.5887005695
0,10.5912704531
0,10.6052467218
0,10.6103471829
0,10.6156671697
0,10.6158661457
0,10.6216311032
0,10.6247595348
0,10.63169074
0,10.6333125588
0,10.6334907593
0,10.6343266159
0,10.6351602644
0,10.6404887326
0,10.6418991044
0,10.6453113634
0,10.6492643084
0,10.651081986
0,10.6556562146
0,10.6592499572
0,10.6643483121
0,10.6653221119
0,10.6665823061
0,10.671619735
0,10.673587255
0,10.6793004203
0,10.682494457
0,10.6851940307
0,10.6864544145
0,10.6878652306
0,10.6949392605
0,10.6983761616
0,10.6994542541
0,10.7008501974
0,10.7078276609
0,10.7136689046
0,10.71828918
0,10.7194079607
0,10.7248184784
0,10.7288995621
0,10.7297598916
0,10.7299175271
0,10.7322563024
0,10.7329528985
0,10.7393287676
0,10.7413548945
0,10.7454354637
0,10.7543028785
0,10.7687553088
0,10.7758553198
0,10.785230769
0,10.7866181655
0,10.7881605907
0,10.7930182216
0,10.795772795
0,10.79819714
0,10.7984339354
0,10.8008716512
0,10.8032070313
0,10.8052833808
0,10.814891492
0,10.8151871632
0,10.8158265818
0,10.8162169169
0,10.8162475011
0,10.8271025658
0,10.8274566453
0,10.8365159739
0,10.846183554
0,10.8485060523
0,10.8596093833
0,10.861531772
0,10.8675883295
0,10.8720612127
0,10.8743339976
0,10.8758617827
0,10.8829567353
0,10.8837040433
0,10.8933392665
0,10.8967877369
0,10.8974065909
0,10.8976294477
0,10.8986341424
0,10.90404103
0,10.9082861455
0,10.9087519791
0,10.9110874048
0,10.9136354736
0,10.9145998088
0,10.9258220525
0,10.9280279062
0,10.9301314344
0,10.9337954974
0,10.9448604502
0,10.9493728578
0,10.9504913503
0,10.9522966612
0,10.9571351254
0,10.9593842894
0,10.9640238928
0,10.9675268886
0,10.9698791531
0,10.9781378987
0,10.9787257536
0,10.9805037133
0,10.9827907787
0,10.9832086208
0,10.9844020632
0,10.9856888509
0,10.9860347381
0,10.9878730143
0,10.9991610976
0,11.002180281
0,11.0069170492
0,11.0113009029
0,11.0153808782
0,11.0156607689
0,11.0198648591
0,11.0213315118
0,11.0330513001
0,11.035298416
0,11.0390757231
0,11.0417225517
0,11.0421907046
0,11.0437829927
0,11.0469201508
0,11.0479077739
0,11.0525003664
0,11.0540472747
0,11.0546659404
0,11.0550973148
0,11.0590985839
0,11.0597960215
0,11.0717611462
0,11.072104312
0,11.0726258944
0,11.0730212254
0,11.075313509
0,11.0764813836
0,11.0782685851
0,11.081142361
0,11.0819477501
0,11.0886226936
0,11.0887556407
0,11.0924252319
0,11.0974528433
0,11.0978069767
0,11.0986408281
0,11.0987942454
0,11.1022941311
0,11.1037626775
0,11.1052619329
0,11.1098914557
0,11.1101484853
0,11.1125854048
0,11.1128930438
0,11.1133961459
0,11.1140085923
0,11.1191296853
0,11.1191625222
0,11.11986597
0,11.1219610011
0,11.1259730108
0,11.1369040431
0,11.138332446
0,11.1422809484
0,11.1500352062
0,11.1553181
0,11.1570938054
0,11.1642747492
0,11.1696271225
0,11.1783285192
0,11.1837090974
0,11.189796813
0,11.1903671923
0,11.191752033
0,11.1933581593
0,11.1950437422
0,11.2004404101
0,11.2009162141
0,11.2024615783
0,11.2038677321
0,11.2055239427
0,11.2058338015
0,11.2094617259
0,11.2120645982
0,11.2134390199
0,11.2136520801
0,11.2167251047
0,11.2180750353
0,11.2192431152
0,11.2192959855
0,11.2214411273
0,11.2294247419
0,11.2303331151
0,11.2369331578
0,11.237152585
0,11.2377864107
0,11.2433018634
0,11.2448515728
0,11.2474186762
0,11.2475277396
0,11.2517256243
0,11.257815434
0,11.258518668
0,11.2616392513
0,11.2670144267
0,11.269146286
0,11.2753755188
0,11.2775839716
0,11.2846009219
0,11.2850371213
0,11.2884205196
0,11.2906754872
0,11.304947943
0,11.3156849221
0,11.3180257308
0,11.3242377749
0,11.3302177638
0,11.3346609244
0,11.3366311107
0,11.3380360675
0,11.3388604069
0,11.3389023621
0,11.342713892
0,11.3447339457
0,11.3480107017
0,11.3490074252
0,11.3582378805
0,11.3626007896
0,11.3701945784
0,11.3718521266
0,11.3722944683
0,11.3783770473
0,11.382038071
0,11.3822827905
0,11.3884233947
0,11.3890224816
0,11.3924777637
0,11.392662537
0,11.3944171498
0,11.3978931047
0,11.3992538316
0,11.4093741354
0,11.4096845736
0,11.41099565
0,11.4185680657
0,11.4214235922
0,11.4243158994
0,11.4303369888
0,11.4313904139
0,11.4382262695
0,11.438410752
0,11.4416671005
0,11.4476408511
0,11.4478910588
0,11.4555055033
0,11.4597186177
0,11.4601493579
0,11.4604214212
0,11.4678741677
0,11.4749669011
0,11.4754093135
0,11.4766588002
0,11.4828818583
0,11.4877536844
0,11.4885456021
0,11.496975597
0,11.5001161022
0,11.5014970567
0,11.5022903495
0,11.5024764707
0,11.5031777751
0,11.5075173769
0,11.5134764931
0,11.5218748173
0,11.5261272755
0,11.5266145528
0,11.5284051079
0,11.5300978076
0,11.5322709566
0,11.5368484319
0,11.5411230176
0,11.5412268828
0,11.5454912716
0,11.5473346174
0,11.5527206838
0,11.5528354016
0,11.5620820954
0,11.5647612839
0,11.5686483632
0,11.571099251
0,11.5716197113
0,11.5777896352
0,11.5828232502
0,11.5873780884
0,11.5900426292
0,11.5954064844
0,11.5976401958
0,11.6002577218
0,11.6056374785
0,11.6106615815
0,11.6130843919
0,11.6131119719
0,11.6139746848
0,11.6144509477
0,11.6223038512
0,11.6227390397
0,11.6271222616
0,11.633456824
0,11.6345327527
0,11.6396383251
0,11.6430852377
0,11.6432220413
0,11.6447236772
0,11.651680186
0,11.6571891735
0,11.6580598759
0,11.6614733551
0,11.6623878572
0,11.6651229828
0,11.670986714
0,11.6744593522
0,11.6769793643
0,11.6782300807
0,11.6902352861
0,11.6909122796
0,11.6923128397
0,11.6930350619
0,11.6959931688
0,11.6964534667
0,11.6980291919
0,11.6992044682
0,11.6993728617
0,11.7025923314
0,11.7054161082
0,11.7117366509
0,11.7135677988
0,11.7140496274
0,11.7165068964
0,11.7171250101
0,11.7231145173
0,11.7322198389
0,11.7324748025
0,11.735630144
0,11.7438726281
0,11.7470993448
0,11.7509296584
0,11.7559838975
0,11.7580405859
0,11.7604309729
0,11.7606299059
0,11.7624712506
0,11.7636193841
0,11.7644953936
0,11.7645155431
0,11.775663517
0,11.7853013395
0,11.785564424
0,11.7869821278
0,11.7909009829
0,11.7935961873
0,11.7965826373
0,11.7989081571
0,11.8017036189
0,11.8032061135
0,11.8079192514
0,11.8088256214
0,11.8103462078
0,11.8199498277
0,11.8226457102
0,11.8249470918
0,11.8332294095
0,11.8344435372
0,11.8345785586
0,11.8393331396
0,11.8418997318
0,11.8465347223
0,11.8480165853
0,11.8493527264
0,11.8496977597
0,11.8516209649
0,11.8537300117
0,11.854412397
0,11.8625211207
0,11.865331852
0,11.8672216312
0,11.8705937362
0,11.8729696608
0,11.8738719778
0,11.8764540852
0,11.8793611145
0,11.8805781455
0,11.8833261643
0,11.8868378823
0,11.8892429742
0,11.8903439486
0,11.8931546785
0,11.8968421182
0,11.9007863096
0,11.903192921
0,11.9059523172
0,11.9059918484
0,11.9108511867
0,11.912966352
0,11.9132164118
0,11.9167063542
0,11.9236930342
0,11.9251895279
0,11.9284258013
0,11.928700097
0,11.9292987602
0,11.9400419791
0,11.9534421272
0,11.9537899554
0,11.9558841509
0,11.9572219516
0,11.9597901749
0,11.9614648249
0,11.9616306675
0,11.9621172812
0,11.9673304615
0,11.9719680638
0,11.9740129127
0,11.9777907906
0,11.9828030364
0,11.9838793657
0,11.9877324871
0,11.9941470188
0,11.9992760643
0,11.9999273253
0,12.0006876106
0,12.0009017916
0,12.001084859
0,12.0044244217
0,12.0063988481
0,12.0082416307
0,12.0092702485
0,12.009350021
0,12.0099985694
0,12.0116377116
0,12.0122580031
0,12.0144385729
0,12.0152448202
0,12.0177939322
0,12.0207661268
0,12.0220881025
0,12.0224841451
0,12.023356281
0,12.0263013281
0,12.0286212078
0,12.0295015243
0,12.0298845037
0,12.0349115735
0,12.0385957855
0,12.0414045478
0,12.0419128019
0,12.041968175
0,12.0551839948
0,12.058216335
0,12.060060556
0,12.074662711
0,12.0753164695
0,12.0768350758
0,12.0824669287
0,12.0828314996
0,12.0893362705
0,12.0899486519
0,12.0900234229
0,12.0913902489
0,12.093244166
0,12.094412277
0,12.094835462
0,12.0991103382
0,12.1004327345
0,12.1021617279
0,12.1050914623
0,12.1092941378
0,12.1135990132
0,12.1173896657
0,12.1179147159
0,12.1179956139
0,12.1196584236
0,12.1216924453
0,12.1249112265
0,12.126995707
0,12.1307521423
0,12.1333378558
0,12.134625869
0,12.1353632016
0,12.1387368404
0,12.1414346244
0,12.1415827279
0,12.1439012578
0,12.1468281718
0,12.1478317885
0,12.149847912
0,12.1530540528
0,12.1575406311
0,12.1618105471
0,12.1664284911
0,12.1679802221
0,12.1715144171
0,12.1723107675
0,12.1770927253
0,12.1835231743
0,12.184834096
0,12.1854409059
0,12.1883738443
0,12.1888971063
0,12.1933698885
0,12.1950611707
0,12.2047360037
0,12.2056687793
0,12.2062086981
0,12.2072266929
0,12.209390985
0,12.2139729359
0,12.2145016868
0,12.2171174009
0,12.2184299105
0,12.2276099773
0,12.2288289586
0,12.2330212605
0,12.23337526
0,12.2373813944
0,12.2376410818
0,12.238844894
0,12.2406952628
0,12.2431170449
0,12.2431767706
0,12.2442250956
0,12.2510584993
0,12.253635961
0,12.2553918138
0,12.2566164655
0,12.2587504464
0,12.2642475722
0,12.26647167
0,12.2677080774
0,12.2677705648
0,12.2720112073
0,12.2787913857
0,12.280053863
0,12.280832124
0,12.2937678453
0,12.2945023799
0,12.2949616015
0,12.298351265
0,12.2987238505
0,12.3040697171
0,12.3091448601
0,12.3160154107
0,12.3172656751
0,12.3209016805
0,12.327224961
0,12.3284465695
0,12.3311735034
0,12.3324665169
0,12.3340719377
0,12.3376407081
0,12.3394306139
0,12.3417057722
0,12.351884936
0,12.359845846
0,12.3615140872
0,12.3616145494
0,12.3660224175
0,12.3660496168
0,12.3664828239
0,12.3686743216
0,12.3697174952
0,12.3727095368
0,12.3751362878
0,12.3758522365
0,12.3780774131
0,12.3781488563
0,12.3823696845
0,12.384752418
0,12.3864862591
0,12.389127382
0,12.3919395265
0,12.3930688503
0,12.3935606327
0,12.3971667552
0,12.3994428746
0,12.4000935426
0,12.4015739299
0,12.402804552
0,12.4045113129
0,12.4056480899
0,12.4065825807
0,12.4161311853
0,12.4169539168
0,12.4299900547
0,12.4303587786
0,12.4320908976
0,12.4349618324
0,12.4438156064
0,12.4476813481
0,12.4491426251
0,12.449199495
0,12.4493047222
0,12.4521078399
0,12.4539249394
0,12.4569466164
0,12.4590996331
0,12.4610801692
0,12.461539672
0,12.4632971781
0,12.4682780494
0,12.4689206663
0,12.4717456727
0,12.4739059632
0,12.4773720678
0,12.4775501607
0,12.4781997787
0,12.4792176258
0,12.4798828873
0,12.4811805656
0,12.4826500765
0,12.4826867443
0,12.4853272393
0,12.4871169253
0,12.4939462608
0,12.5039122397
0,12.5043385073
0,12.5084928975
0,12.5112610916
0,12.5119273491
0,12.5138601793
0,12.5155687978
0,12.5190353474
0,12.5209335371
0,12.5236595898
0,12.5244431939
0,12.5253834574
0,12.5372985057
0,12.5381025237
0,12.5393321621
0,12.5433481295
0,12.5436799532
0,12.5482228271
0,12.5546972714
0,12.5615610161
0,12.5650078902
0,12.5657436494
0,12.5737866738
0,12.5766165146
0,12.5772254261
0,12.5773882321
0,12.5792327889
0,12.5798412711
0,12.5845086548
0,12.585168113
0,12.5885058711
0,12.5901130643
0,12.5915868595
0,12.5918192096
0,12.5923662881
0,12.5932727451
0,12.5954037023
0,12.6024571089
0,12.6026637556
0,12.6038724588
0,12.605128078
0,12.6056630984
0,12.6081499486
0,12.6096340079
0,12.6097167199
0,12.6098238798
0,12.6119274259
0,12.6120416488
0,12.6163270797
0,12.6220647595
0,12.6261328191
0,12.6265554444
0,12.626926766
0,12.6275673579
0,12.6301096149
0,12.6324145729
0,12.6334146098
0,12.633611983
0,12.6339365562
0,12.6358690729
0,12.63638585
0,12.6369072952
0,12.6440548514
0,12.6533147446
0,12.6579999824
0,12.6589600151
0,12.6603968115
0,12.6609488726
0,12.6627842214
0,12.6628667392
0,12.6646475626
0,12.6661784826
0,12.6896488693
0,12.695195559
0,12.6969480153
0,12.6987275888
0,12.700094639
0,12.7005544832
0,12.7014158565
0,12.7035288856
0,12.7046873773
0,12.7135597246
0,12.7160230791
0,12.7187847549
0,12.7265723402
0,12.7265824985
0,12.7277599997
0,12.7297248894
0,12.7308789501
0,12.7348314995
0,12.7412261746
0,12.7456843555
0,12.7461976187
0,12.7483541416
0,12.752969301
0,12.7545722853
0,12.7570608952
0,12.7608495112
0,12.7609628327
0,12.7637252034
0,12.7637829938
0,12.7693023508
0,12.7693925105
0,12.7714492825
0,12.7716647843
0,12.7783010229
0,12.7832935692
0,12.7850988107
0,12.7870303156
0,12.7891974265
0,12.7897369007
0,12.7909152112
0,12.7947674869
0,12.7952884911
0,12.7966752397
0,12.7996338595
0,12.8013425912
0,12.8030462169
0,12.8063511903
0,12.8068729357
0,12.8076655837
0,12.8152048795
0,12.8183235951
0,12.8189881475
0,12.8197842666
0,12.8211983985
0,12.8216416693
0,12.821859614
0,12.8222692764
0,12.8277483038
0,12.8289304967
0,12.8311197912
0,12.836651338
0,12.83677439
0,12.8385498402
0,12.8385818944
0,12.8408258091
0,12.8411436123
0,12.8438354089
0,12.8527070943
0,12.8553354418
0,12.8588416948
0,12.8625975894
0,12.864941421
0,12.8732591876
0,12.8741497729
0,12.87537717
0,12.8755521312
0,12.8770771019
0,12.881357678
0,12.8829748726
0,12.8838773939
0,12.8849937016
0,12.8853098387
0,12.8898846042
0,12.8939797352
0,12.8941370663
0,12.8961310308
0,12.8981821685
0,12.8991683932
0,12.9039678777
0,12.9121697517
0,12.9167671315
0,12.9192741841
0,12.9196065964
0,12.9208317597
0,12.9226652872
0,12.9340574373
0,12.936850961
0,12.9375047159
0,12.9382185952
0,12.9392191899
0,12.9406709359
0,12.9427758466
0,12.9433733228
0,12.9460058209
0,12.9466048057
0,12.9484830835
0,12.9493300944
0,12.9541763593
0,12.9547402856
0,12.9591058095
0,12.9604050137
0,12.9604265222
0,12.9662494908
0,12.96771123
0,12.9690376954
0,12.9713661926
0,12.9724701757
0,12.9764749028
0,12.976897635
0,12.9777354695
0,12.9780165835
0,12.9800436751
0,12.9807926129
0,12.9906087582
0,12.9918173867
0,12.9974205239
0,12.9974276876
0,12.9980295919
0,12.999156989
0,13.0038764662
0,13.0047032007
0,13.0075694507
0,13.008753931
0,13.0101875789
0,13.0155629283
0,13.0159150754
0,13.0163056527
0,13.0165173576
0,13.0240730462
0,13.0266990139
0,13.0278675969
0,13.0312170329
0,13.0334782839
0,13.0359804648
0,13.0365215562
0,13.0367812208
0,13.0385763487
0,13.0422191466
0,13.0431385459
0,13.0463527162
0,13.0487187409
0,13.050242598
0,13.0518245569
0,13.0567449985
0,13.0568076138
0,13.0572937537
0,13.0577074912
0,13.0580613674
0,13.060449258
0,13.0693444438
0,13.0695607669
0,13.0728467062
0,13.0736772277
0,13.0742705754
0,13.0774225265
0,13.0787137461
0,13.0846761126
0,13.0851660668
0,13.0929139201
0,13.0939222072
0,13.0962895768
0,13.0981054092
0,13.1013840746
0,13.1063720036
0,13.1107249844
0,13.1140403248
0,13.1143072463
0,13.1179246445
0,13.1181077542
0,13.1211185847
0,13.1219853638
0,13.1236523163
0,13.1246251381
0,13.1276282087
0,13.1280169729
0,13.1293712786
0,13.1326621731
0,13.1347950614
0,13.1382604567
0,13.1391199573
0,13.1398730503
0,13.1428014457
0,13.1453135406
0,13.1511755633
0,13.1515437786
0,13.1555337108
0,13.1582115567
0,13.1584839361
0,13.1586943868
0,13.1611968559
0,13.1613945705
0,13.1668153024
0,13.1673694349
0,13.1681415674
0,13.1710423177
0,13.1716819372
0,13.1774245615
0,13.180107209
0,13.187453467
0,13.1877182485
0,13.1885967763
0,13.1886156381
0,13.1920759219
0,13.192282016
0,13.1939771116
0,13.1941921423
0,13.1942692516
0,13.1953428181
0,13.1954145966
0,13.1968821136
0,13.1973374886
0,13.2063530314
0,13.2096445763
0,13.2106859463
0,13.2129962879
0,13.2154860445
0,13.2259256129
0,13.2269943812
0,13.228001681
0,13.2282037578
0,13.2290872448
0,13.2350736078
0,13.2366092593
0,13.2387567827
0,13.2394424976
0,13.2402581184
0,13.2405869545
0,13.2460736425
0,13.2499386819
0,13.2513483625
0,13.2556042354
0,13.2556815482
0,13.2602584255
0,13.2654719846
0,13.2743415024
0,13.2775650351
0,13.2784439613
0,13.2798539451
0,13.2814702106
0,13.2833888123
0,13.2856257648
0,13.2861215263
0,13.2867604463
0,13.2870980172
0,13.2926910121
0,13.2975893129
0,13.2978208595
0,13.2991684517
0,13.2992702056
0,13.3045167813
0,13.3114138629
0,13.3144348998
0,13.3146190105
0,13.326746574
0,13.328482472
0,13.3288748979
0,13.3296137671
0,13.3318592786
0,13.3370634397
0,13.3376988418
0,13.3389327855
0,13.3394629412
0,13.345877399
0,13.3476876338
0,13.3494570477
0,13.3507267969
0,13.3515877155
0,13.3589835591
0,13.3591157808
0,13.3630604226
0,13.3695784386
0,13.3703162432
0,13.3726616199
0,13.3756709436
0,13.3807211771
0,13.3812936087
0,13.3831177293
0,13.3850592466
0,13.3882365539
0,13.3888545523
0,13.3893309399
0,13.3917719274
0,13.39613904
0,13.3970946586
0,13.4019492001
0,13.4050841454
0,13.4055172354
0,13.4144562843
0,13.4170069834
0,13.4187117323
0,13.4191163618
0,13.4197480963
0,13.4214993777
0,13.4242246895
0,13.4278567132
0,13.4296802334
0,13.438255698
0,13.4407639846
0,13.4419953307
0,13.4424532218
0,13.444779832
0,13.445033188
0,13.446577487
0,13.4489093064
0,13.4616442864
0,13.462179427
0,13.4625493089
0,13.4630201893
0,13.4645807772
0,13.4671813564
0,13.4689179264
0,13.4744182222
0,13.4763214956
0,13.4815970646
0,13.4879244988
0,13.4879892291
0,13.4934671262
0,13.4940723518
0,13.4950235845
0,13.4986419588
0,13.5013743141
0,13.5036990675
0,13.5078757097
0,13.5089141887
0,13.5102260163
0,13.5129949195
0,13.5131295673
0,13.5149566275
0,13.5200178403
0,13.5236746464
0,13.5240918867
0,13.5242038576
0,13.524490465
0,13.5292428209
0,13.5321883411
0,13.5397022169
0,13.5402041732
0,13.5417470775
0,13.5443952876
0,13.54535422
0,13.5456997519
0,13.5495267685
0,13.5505990552
0,13.5530093009
0,13.5534694981
0,13.5554620342
0,13.5589037726
0,13.561839483
0,13.5619958222
0,13.5658939638
0,13.5678851595
0,13.5707753213
0,13.5709785173
0,13.5715920634
0,13.5719614158
0,13.5793371874
0,13.5803820542
0,13.5805296494
0,13.5854522892
0,13.5856587455
0,13.5872433494
0,13.5891764679
0,13.5930200466
0,13.5947245384
0,13.602189608
0,13.6065415913
0,13.6073379605
0,13.612056941
0,13.6147465667
0,13.6162811491
0,13.6181952761
0,13.6184621702
0,13.6241573597
0,13.6245007361
0,13.6283339365
0,13.6303999088
0,13.6330404743
0,13.6365889361
0,13.6388152955
0,13.6389839465
0,13.6403422776
0,13.6408831122
0,13.6409967917
0,13.6428701658
0,13.6459401868
0,13.6481585097
0,13.6516953286
0,13.6596626062
0,13.6702290431
0,13.6708345435
0,13.6715364597
0,13.672105585
0,13.6727324389
0,13.6728044514
0,13.6728867372
0,13.6745264946
0,13.6804319557
0,13.6809635013
0,13.6820600797
0,13.6863920192
0,13.6874948304
0,13.6879174922
0,13.6895448488
0,13.6897197138
0,13.6901181734
0,13.6911626584
0,13.6929245693
0,13.6941402907
0,13.7002415496
0,13.7013341094
0,13.7037594996
0,13.7076947382
0,13.7109315678
0,13.7111591713
0,13.7136899249
0,13.7181603053
0,13.7186742164
0,13.7197292995
0,13.7233000996
0,13.7240032268
0,13.7292552928
0,13.7324961931
0,13.7333936565
0,13.7347231024
0,13.7373808702
0,13.7426608457
0,13.7469569715
0,13.7491826881
0,13.7552714282
0,13.7562779071
0,13.756774078
0,13.7597976811
0,13.764571182
0,13.7669446149
0,13.773755016
0,13.7766524917
0,13.7783992534
0,13.7788001722
0,13.7832300161
0,13.7849378052
0,13.7864819134
0,13.7941048965
0,13.79740046
0,13.7977401178
0,13.8003843374
0,13.8059592203
0,13.808079591
0,13.8094068374
0,13.8106453357
0,13.8123444829
0,13.8126172394
0,13.8136480868
0,13.8146954293
0,13.8172169938
0,13.8234313628
0,13.8250194135
0,13.827601227
0,13.8284580725
0,13.8401865751
0,13.8438779429
0,13.8440991956
0,13.8446238973
0,13.8459073988
0,13.8532902272
0,13.8539346385
0,13.8546416022
0,13.8547553305
0,13.8554101012
0,13.8598331375
0,13.8644381724
0,13.8698878012
0,13.8701942148
0,13.8706289571
0,13.8727068874
0,13.8759583355
0,13.881819026
0,13.8843622544
0,13.8881897701
0,13.890157007
0,13.8905451702
0,13.8967236888
0,13.8972327468
0,13.9000414529
0,13.9006503678
0,13.9009390139
0,13.9018735088
0,13.9077462632
0,13.9081898612
0,13.9110984899
0,13.9144399491
0,13.9147730882
0,13.916835048
0,13.9171083046
0,13.9183726299
0,13.9217756819
0,13.9227050694
0,13.9232698876
0,13.9258205523
0,13.9279710301
0,13.9284529147
0,13.9319970918
0,13.935553686
0,13.9400324914
0,13.9454936969
0,13.9482920556
0,13.9512974228
0,13.951935722
0,13.9553015295
0,13.9649417515
0,13.9685409195
0,13.9721275416
0,13.9820319298
0,13.9863125659
0,13.9867668666
0,13.9878975019
0,13.9914339421
0,13.9935781804
0,13.9938288448
0,13.9942561183
0,13.9997722084
0,14.004227993
0,14.0086011582
0,14.0126565222
0,14.0182104591
0,14.0186752279
0,14.0270951765
0,14.0282280258
0,14.028780557
0,14.02886311
0,14.0296157963
0,14.0310874858
0,14.0328679312
0,14.0334094441
0,14.0389704993
0,14.0392809384
0,14.0408889281
0,14.0536019176
0,14.0554471062
0,14.0567359846
0,14.0587341872
0,14.0677220125
0,14.068877586
0,14.0711943166
0,14.0736643204
0,14.07388697
0,14.074987499
0,14.0795138177
0,14.0807690695
0,14.0828521628
0,14.086834756
0,14.0876825032
0,14.0914729425
0,14.0996728274
0,14.1023595974
0,14.1025668764
0,14.1033722848
0,14.1039081048
0,14.1044894947
0,14.1113030933
0,14.1129788275
0,14.1129894134
0,14.1170300672
0,14.1187803264
0,14.1201947169
0,14.1214432059
0,14.1218656201
0,14.1235956955
0,14.1239617746
0,14.1247149479
0,14.1250106161
0,14.1254697289
0,14.1282160562
0,14.1282589993
0,14.1294117964
0,14.1313688722
0,14.132087993
0,14.1322402183
0,14.1326471438
0,14.1337696298
0,14.1386862591
0,14.1409655126
0,14.1411598758
0,14.1417562943
0,14.1426266451
0,14.1433596846
0,14.1449647195
0,14.1454867039
0,14.147369338
0,14.1483130708
0,14.1496151997
0,14.1540990839
0,14.154478721
0,14.1584117647
0,14.1610642523
0,14.168135398
0,14.1681831701
0,14.1778854899
0,14.185857337
0,14.1862092502
0,14.186659556
0,14.1868202951
0,14.1893427533
0,14.1898957025
0,14.1900522609
0,14.1907344256
0,14.192678103
0,14.1935572274
0,14.1943646227
0,14.197679441
0,14.2001626978
0,14.2046157533
0,14.2048400664
0,14.2049977138
0,14.2099173041
0,14.2109153786
0,14.2113945352
0,14.2117975351
0,14.2136825003
0,14.2146927609
0,14.2147061905
0,14.2178144652
0,14.2178655466
0,14.2302305116
0,14.2317637312
0,14.2320551107
0,14.2323321574
0,14.2325031139
0,14.2332439107
0,14.240867813
0,14.2415199455
0,14.244252684
0,14.2497340951
0,14.2526673018
0,14.2562148502
0,14.2577085799
0,14.2668172202
0,14.2676768632
0,14.2693994699
0,14.2695707893
0,14.2724417399
0,14.2727071928
0,14.2739237938
0,14.2742041578
0,14.2750917331
0,14.279397583
0,14.2798490669
0,14.2847948986
0,14.2882222701
0,14.2954337092
0,14.2970467877
0,14.2975520462
0,14.2977892803
0,14.2979847487
0,14.2981163515
0,14.2993554666
0,14.3018569995
0,14.3018934101
0,14.3083328201
0,14.3084570502
0,14.3135782105
0,14.314623921
0,14.3172757821
0,14.3197385784
0,14.3237957644
0,14.3268919783
0,14.3290881127
0,14.3327660924
0,14.340820438
0,14.341019452
0,14.3442074995
0,14.3496863518
0,14.3593774206
0,14.3609710349
0,14.3633733129
0,14.3644475419
0,14.3711228554
0,14.3713699256
0,14.3718903648
0,14.3729758673
0,14.3736648767
0,14.3737278663
0,14.3811827097
0,14.3851846801
0,14.3855310335
0,14.3881509576
0,14.3881967498
0,14.3907845543
0,14.3934050279
0,14.3936802447
0,14.3967696995
0,14.4004891783
0,14.4054046147
0,14.4064098935
0,14.4067355227
0,14.4072389279
0,14.4117951469
0,14.4119854265
0,14.4121681105
0,14.412228914
0,14.4135842547
0,14.4140616977
0,14.4155406931
0,14.4158812513
0,14.4225490184
0,14.4234973758
0,14.4253557145
0,14.429355678
0,14.4342951907
0,14.4356533848
0,14.4364760225
0,14.4371417127
0,14.439144531
0,14.4396374889
0,14.44107138
0,14.4442969507
0,14.4457131122
0,14.4478310978
0,14.4538027934
0,14.4554370292
0,14.4578799578
0,14.4628438853
0,14.4660838194
0,14.4672924854
0,14.4694877541
0,14.4702257556
0,14.4708380461
0,14.4782991611
0,14.4891717646
0,14.4898743287
0,14.4929027037
0,14.4940733082
0,14.4964998932
0,14.497654102
0,14.5014660898
0,14.503178548
0,14.5066870747
0,14.5092133751
0,14.5115723456
0,14.5133907624
0,14.5136026929
0,14.514788131
0,14.5155322567
0,14.5218675264
0,14.5259555016
0,14.5289676299
0,14.5293625694
0,14.5347921376
0,14.5378654948
0,14.5385620486
0,14.5518629479
0,14.5519545372
0,14.5546754092
0,14.5557546085
0,14.5562080285
0,14.5571164461
0,14.5598191169
0,14.5602953806
0,14.5646235792
0,14.5652184013
0,14.5653240035
0,14.5685955904
0,14.5738486473
0,14.5741542253
0,14.5758145005
0,14.5766353695
0,14.5767898213
0,14.5791534557
0,14.5800029486
0,14.5822817487
0,14.5847603222
0,14.5848943687
0,14.5884477372
0,14.5914251871
0,14.594148863
0,14.5974994077
0,14.6002696762
0,14.6008485412
0,14.6020704961
0,14.6078111739
0,14.6090162439
0,14.610467986
0,14.612207872
0,14.6126503326
0,14.6129288965
0,14.6148245563
0,14.6154752362
0,14.615510345
0,14.6159167003
0,14.6173447397
0,14.6182966858
0,14.6192018423
0,14.6193150906
0,14.6199205429
0,14.6204062424
0,14.6206769443
0,14.6280902787
0,14.628993469
0,14.6311162937
0,14.6333727039
0,14.6336861308
0,14.639489679
0,14.6395066905
0,14.6398115409
0,14.6405257302
0,14.6454013623
0,14.6470025905
0,14.6544218876
0,14.6565472554
0,14.6572080106
0,14.6574512698
0,14.657557051
0,14.6608190723
0,14.6621754232
0,14.6659267536
0,14.6669164222
0,14.6690232196
0,14.6690854931
0,14.6717444896
0,14.6734941177
0,14.6738585885
0,14.6779958813
0,14.6790903764
0,14.6812096827
0,14.6877720797
0,14.6928502154
0,14.6945535997
0,14.6955738959
0,14.6963555363
0,14.6966031401
0,14.699570889
0,14.7014324694
0,14.7152886478
0,14.7162284533
0,14.7183228328
0,14.7204943294
0,14.7270614421
0,14.7306729384
0,14.7308536848
0,14.7342151648
0,14.7344329327
0,14.7368066992
0,14.7382403871
0,14.7554043376
0,14.7576696599
0,14.7581808654
0,14.760089056
0,14.7607873896
0,14.7668226155
0,14.768731059
0,14.7693689311
0,14.7695255686
0,14.7748260006
0,14.7765563784
0,14.7799850637
0,14.7809322014
0,14.7827808749
0,14.7836602634
0,14.7842938054
0,14.7854550588
0,14.7876942631
0,14.7943922831
0,14.7965535011
0,14.8001248598
0,14.8006891303
0,14.8012375213
0,14.8032898819
0,14.8115079441
0,14.8160748491
0,14.8177148906
0,14.8210601092
0,14.8214467529
0,14.821858506
0,14.8243460417
0,14.8266680878
0,14.8267059575
0,14.8278432207
0,14.8322797671
0,14.8328055089
0,14.8330946251
0,14.833095357
0,14.8399398152
0,14.8406815544
0,14.8430445797
0,14.8431364041
0,14.8442631687
0,14.8475732654
0,14.8502714941
0,14.8550741808
0,14.8585849592
0,14.8621406133
0,14.8679430169
0,14.8692101579
0,14.8703985555
0,14.8708914315
0,14.8719549494
0,14.8733730715
0,14.8751243087
0,14.8802390832
0,14.883022578
0,14.8848931389
0,14.8870974335
0,14.8877748957
0,14.8925951452
0,14.8955041859
0,14.8995343136
0,14.9015326644
0,14.9028294795
0,14.910936911
0,14.9129271346
0,14.9182097851
0,14.9238761487
0,14.9279712821
0,14.9280801375
0,14.9332399991
0,14.9352023327
0,14.9358316422
0,14.9371890175
0,14.9409238307
0,14.9420250813
0,14.9428949429
0,14.9512306909
0,14.9518472024
0,14.9546667128
0,14.9561134695
0,14.9568516158
0,14.9576667819
0,14.9589996134
0,14.9617942836
0,14.9624959093
0,14.9642765887
0,14.965153871
0,14.969947732
0,14.9710018177
0,14.9717640713
0,14.9720389604
0,14.9821753027
0,14.9849014844
0,14.9860970992
0,14.9882624753
0,14.9901407337
0,14.9912222972
0,14.9947609747
0,14.9970971116
0,14.9975755036
0,15.0018229052
0,15.0054344773
0,15.0069820089
0,15.0100061289
0,15.0113914839
0,15.0189118769
0,15.019783503
0,15.0207729903
0,15.0227066901
0,15.0247839048
0,15.0260646621
0,15.0260728191
0,15.0288906771
0,15.0335241525
0,15.0353633021
0,15.0385247673
0,15.040214342
0,15.0420324948
0,15.0426613974
0,15.0439784364
0,15.0443534045
0,15.0545891308
0,15.0570761668
0,15.0616398858
0,15.0621508524
0,15.0646012369
0,15.0660786052
0,15.0683080501
0,15.0713543626
0,15.0713836715
0,15.0737986381
0,15.0744027907
0,15.0744796433
0,15.0766576105
0,15.0801557593
0,15.0833780056
0,15.0859085296
0,15.0976060574
0,15.1014672369
0,15.1027629722
0,15.1063615609
0,15.1088283873
0,15.1151492001
0,15.1172442912
0,15.1279552738
0,15.1295841644
0,15.1334965922
0,15.133585407
0,15.1336214333
0,15.1360786632
0,15.1398378454
0,15.1483689425
0,15.1574604793
0,15.1594387041
0,15.1674941549
0,15.1705452977
0,15.1708260802
0,15.175247564
0,15.1763908214
0,15.1766838571
0,15.1774531984
0,15.1792626996
0,15.1812304757
0,15.1829532841
0,15.1851542228
0,15.189325543
0,15.1908978836
0,15.1953690426
0,15.1964775511
0,15.2015981617
0,15.2072924067
0,15.2090859739
0,15.2111067695
0,15.2137107796
0,15.2144402216
0,15.2169151277
0,15.2204255496
0,15.2215045287
0,15.2253382978
0,15.2264859927
0,15.2318774253
0,15.2338415886
0,15.2355914222
0,15.2356383875
0,15.2357662575
0,15.2368388477
0,15.2390577512
0,15.2417367223
0,15.244538689
0,15.2568624762
0,15.2593738828
0,15.2605357317
0,15.2617555168
0,15.2621205695
0,15.2630554773
0,15.2680623302
0,15.2739839483
0,15.2757781651
0,15.275817729
0,15.2759942944
0,15.2763048573
0,15.284005047
0,15.2855704202
0,15.2869872625
0,15.2935603544
0,15.2942495914
0,15.2945421792
0,15.295787661
0,15.2969066267
0,15.2975636274
0,15.2983618576
0,15.3040148061
0,15.3052851812
0,15.3064987841
0,15.3102255475
0,15.310460686
0,15.3110710737
0,15.3147543623
0,15.3151458878
0,15.3163662504
0,15.3185636761
0,15.3188214309
0,15.3210184503
1,15.3234365269
0,15.324197131
0,15.3258386429
1,15.3276469295
0,15.3326798328
0,15.3331177462
0,15.3352992534
0,15.3363733014
0,15.3364872728
0,15.3402868716
0,15.3420493268
0,15.3424833695
0,15.3435484031
0,15.345142259
0,15.3464300677
0,15.3527727086
0,15.3531390236
0,15.3533081396
0,15.3554139462
0,15.3650529318
0,15.3687759304
0,15.3713517374
0,15.3716684923
0,15.3770765827
0,15.3788265392
0,15.380808595
0,15.3856314154
0,15.3887413881
0,15.3933968336
0,15.3959292945
0,15.3964108848
0,15.4008492302
0,15.4034907994
0,15.4046187867
0,15.4069602794
0,15.4079340431
0,15.408805893
0,15.4135776751
0,15.4136643645
0,15.4170583416
0,15.4282486362
0,15.4286359281
0,15.4314070845
0,15.4317780574
0,15.434355635
0,15.4348796136
0,15.4353994089
0,15.4365904682
0,15.438336376
0,15.4387108562
0,15.439797581
0,15.4398660483
0,15.4410809719
0,15.4413040817
0,15.4459321313
0,15.4476942728
0,15.4488052544
0,15.450539418
0,15.452905516
0,15.4531317633
0,15.4572534337
0,15.4580420704
0,15.4598663776
0,15.4601576057
0,15.4612405453
0,15.4642946012
0,15.4652937117
0,15.4665169416
1,15.466562182
0,15.4678259062
0,15.4683946787
0,15.4730730957
0,15.4735642531
0,15.4740960654
0,15.4798267302
0,15.4813344492
0,15.4825124688
0,15.48296882
0,15.4830498485
0,15.4851020197
1,15.4886683118
0,15.4937976399
0,15.4978311386
0,15.4992993805
0,15.5023338065
0,15.5061842045
0,15.5069918052
0,15.5089398334
0,15.5099165889
0,15.5101004858
0,15.5153887483
0,15.5192932374
0,15.5226265583
1,15.5232620384
0,15.5308794356
0,15.5316786867
0,15.5332235146
0,15.5347172865
0,15.5449257278
0,15.5466604999
0,15.5466881379
0,15.5513834351
0,15.5549436589
0,15.5584698307
0,15.5611251525
0,15.5617936517
0,15.5678672239
0,15.5701833897
0,15.5763080878
0,15.5784755846
0,15.5803323556
0,15.5888517238
0,15.5912132849
0,15.5931124389
0,15.5961193411
0,15.5983012588
0,15.5994261703
0,15.6001702836
0,15.6028609264
0,15.6029446292
0,15.6077901151
0,15.6079844596
0,15.6094781002
0,15.6105340966
0,15.6185116922
0,15.6211903556
0,15.6218087398
0,15.6218445664
0,15.6288955061
0,15.6328719592
0,15.6337713701
0,15.6340281122
0,15.6354193661
0,15.6381390786
0,15.6386314371
0,15.6403325385
1,15.6410619457
0,15.6434697311
0,15.6444918085
0,15.6448397536
0,15.6451552567
0,15.6474657463
0,15.6478574027
0,15.6508939738
0,15.6509024805
0,15.655033428
0,15.657304057
0,15.6656506786
1,15.668423824
0,15.6711007496
0,15.6724205215
0,15.6726969877
0,15.6775865908
0,15.6824697324
0,15.6840676808
0,15.6841317062
0,15.6863731983
0,15.6944848989
0,15.6961422001
0,15.6978428577
0,15.7143255418
0,15.7148170386
0,15.7154921224
0,15.7223223203
0,15.7226753446
0,15.7236888285
0,15.7307456301
0,15.7321867622
0,15.7366650955
0,15.7375741109
0,15.738825058
0,15.7415993555
0,15.742101803
0,15.7445343729
0,15.7503306478
0,15.7506382402
0,15.7522666735
0,15.7574844936
0,15.761910397
1,15.765379782
0,15.7655373528
0,15.7668410744
0,15.7690343628
0,15.7696731648
0,15.7705057981
0,15.7719219474
0,15.7741513679
0,15.7767818678
0,15.7780021707
0,15.7805030751
0,15.7815981748
0,15.7874878851
0,15.7887626343
0,15.7898580183
0,15.7899317037
0,15.795438641
0,15.7970431489
0,15.8046742606
1,15.8065793925
0,15.8084807466
0,15.8103737929
0,15.8130668813
0,15.815822179
0,15.8167934182
0,15.8196667551
0,15.8216300591
0,15.8263781709
0,15.8270254714
0,15.8277769029
1,15.8304818202
0,15.8307862615
0,15.8324657611
1,15.8329170392
0,15.8334716646
1,15.8354476112
0,15.836643878
0,15.8402836796
0,15.8405177097
0,15.8408145039
0,15.8416653361
0,15.8447349747
0,15.8450380772
1,15.846855703
0,15.8472781283
0,15.8503663677
0,15.8521692824
0,15.8569773042
0,15.8580210774
0,15.8611086313
0,15.8614656714
0,15.8664730445
0,15.8693910908
0,15.8713327976
1,15.8727583287
0,15.8737539549
0,15.8754970179
0,15.8774770595
0,15.8792984078
1,15.8804700681
0,15.8806891363
0,15.8855169261
0,15.8860808026
0,15.8861270152
0,15.8899291842
0,15.8901772289
0,15.8912713616
1,15.8933725615
0,15.8947706322
0,15.8953956409
0,15.9036600778
0,15.9055873715
0,15.9070891698
0,15.9086945266
0,15.9109749768
0,15.9164290581
0,15.9166113215
1,15.9228055362
0,15.9236885637
0,15.9257429427
0,15.926418178
0,15.9276606273
0,15.9319460285
0,15.9324895769
0,15.9344070389
1,15.9345001991
0,15.9356065232
1,15.9390097885
0,15.9413867216
0,15.9430993549
1,15.9475546735
0,15.9486207403
0,15.9558146819
0,15.961825845
0,15.9627399682
0,15.9697070363
0,15.9697113528
0,15.9730247157
0,15.9747565214
0,15.9772794336
0,15.9783381944
0,15.9792628974
0,15.9836308002
0,15.9874901589
0,15.9882479221
0,15.9907696099
0,15.9938589256
0,15.9961526636
0,15.9972462986
0,15.9996776224
0,16.0008793621
0,16.001376418
0,16.001791486
0,16.0045525465
0,16.0087499909
0,16.0098756877
0,16.01433351
0,16.0164390043
0,16.0198306064
0,16.0211391939
0,16.0245643723
1,16.0290446473
0,16.0292673782
0,16.0305976983
0,16.0308738227
1,16.0315226694
0,16.0324820674
0,16.0336069641
0,16.0346529745
0,16.0352941443
0,16.0369799486
0,16.040061152
0,16.0402718199
0,16.0431737873
0,16.0438272789
0,16.0483577071
0,16.0492520805
0,16.0541331548
0,16.0611845574
1,16.0631632729
0,16.0640925676
1,16.064741089
0,16.0657941229
0,16.0682620239
0,16.0783294973
0,16.079623099
0,16.0834850024
0,16.0852163464
0,16.0854526099
1,16.0854595782
0,16.0855053806
0,16.0875360495
0,16.0876007274
0,16.0877570368
0,16.09274408
1,16.0941875007
0,16.0951501853
1,16.096102307
1,16.097659447
0,16.0987495769
0,16.0999415173
0,16.1029960824
0,16.1064568843
0,16.1125813834
1,16.1136238166
0,16.1154060185
1,16.1190842501
0,16.1197412474
0,16.1211315012
0,16.1217530093
0,16.122674984
0,16.1231181343
0,16.1259420471
0,16.126290978
0,16.1299350377
0,16.1348354493
0,16.1363200468
0,16.1387296553
1,16.1401513563
0,16.142152684
1,16.1425035759
0,16.1436845808
0,16.1439749643
0,16.1481889337
0,16.1484317813
0,16.1506500067
0,16.1516306062
0,16.1562911263
0,16.1615501951
1,16.1698967362
0,16.1711713555
0,16.1723453999
0,16.1768262874
0,16.1786346037
0,16.1817661438
0,16.1822035929
0,16.1839189611
0,16.1844698438
0,16.187727977
0,16.1960065169
0,16.1965595668
0,16.1975248367
0,16.1988264585
0,16.2076766901
0,16.2105141735
0,16.2133308852
0,16.2182666387
0,16.219342177
0,16.2203303464
0,16.221950401
0,16.2228520643
0,16.2229498033
1,16.2252973186
0,16.2295828757
0,16.2319617302
0,16.2339913839
0,16.2365407344
0,16.2423111207
0,16.2477243403
0,16.2485404633
0,16.249229972
0,16.251984353
0,16.2558005757
0,16.2566279957
0,16.2581072341
0,16.2588553872
1,16.2588777648
1,16.2597584668
0,16.2620407468
0,16.2628691524
0,16.2634155304
0,16.2646325719
0,16.2658153045
0,16.2659396538
0,16.2693724571
0,16.2738040259
0,16.2755160636
0,16.2779579334
0,16.2786545159
0,16.2818848181
1,16.2876445393
0,16.2927366006
0,16.2952250533
0,16.2971728443
0,16.2984535878
1,16.3010345747
0,16.3021879823
1,16.3035299418
0,16.3119558884
1,16.3158670684
1,16.3164290597
0,16.3168547948
0,16.3169893443
0,16.3173993031
1,16.3181513613
1,16.3247796635
0,16.3291718997
0,16.3298705878
1,16.3309996442
1,16.3335624753
0,16.3344077435
0,16.3348202402
1,16.3377870251
0,16.3393276722
1,16.3401579365
0,16.3435404139
0,16.344007251
0,16.3454560696
1,16.3456924185
1,16.3472090791
1,16.347332685
0,16.3499360529
0,16.3557993559
0,16.3565581034
0,16.3567864315
0,16.3577600321
0,16.3617520637
0,16.3666404061
0,16.366876971
0,16.3711302932
1,16.3833833344
0,16.3866730811
0,16.3904531208
0,16.39270912
1,16.3941567957
0,16.3964099035
1,16.4036652652
0,16.4149095109
1,16.4170176623
1,16.4181868513
1,16.4217531675
0,16.4220575877
1,16.4223841673
0,16.4282540289
0,16.429811198
0,16.4305475041
0,16.4329824202
1,16.4333878514
0,16.4344977768
0,16.4376302446
0,16.4386914441
0,16.4417217467
0,16.4480008699
0,16.4524746653
0,16.4532314421
0,16.4546947571
0,16.4590274129
0,16.4619682979
1,16.4633088869
0,16.4709132169
0,16.4712964475
0,16.4714211331
0,16.4743970842
0,16.4767963765
0,16.4790558631
0,16.4803513247
0,16.4806410514
0,16.4821326218
1,16.4859787
0,16.4861397808
1,16.489320388
1,16.4904713231
0,16.4906655855
0,16.4911379045
1,16.4914199371
1,16.4929347241
0,16.4936810717
1,16.4939468611
0,16.4973442707
0,16.4973549089
1,16.5006661511
1,16.5009084554
0,16.5032305818
1,16.5040625136
0,16.5050489945
0,16.5053889677
0,16.5055885689
0,16.5062734113
0,16.5085631405
0,16.5104490802
1,16.5110395485
0,16.5115873531
0,16.512077647
1,16.5133375305
0,16.5195604054
1,16.52076783
0,16.5212080609
0,16.5256087029
0,16.528734243
1,16.5298117916
0,16.530505336
1,16.5314748316
1,16.5335965335
0,16.5406165939
1,16.5448525726
0,16.5488795391
0,16.5502411097
0,16.5510628133
0,16.552464337
0,16.5585142618
0,16.5585955265
1,16.558722554
1,16.5590717457
1,16.5601435579
1,16.5604861684
0,16.5612813006
1,16.5627400635
1,16.5628729111
1,16.5638790972
0,16.5642096629
1,16.5648857903
0,16.5671512241
0,16.5674635106
0,16.5680278755
1,16.5690008409
1,16.5691079288
0,16.5695225969
0,16.5718052504
0,16.5738328331
1,16.5748083215
0,16.5760317557
0,16.5762361908
0,16.5790481176
0,16.5793485226
0,16.5798309294
0,16.5800307571
0,16.5861618665
0,16.5895327498
0,16.5943509001
1,16.5948897823
0,16.6015640911
0,16.6041200774
0,16.6054623191
0,16.6060890314
0,16.6137129075
0,16.6148909406
0,16.6181202117
1,16.6192636577
0,16.620343045
0,16.6215593785
0,16.6216825872
1,16.6217987409
0,16.62199747
1,16.6253914181
0,16.6255417125
0,16.6264353124
0,16.6292466818
0,16.630091979
1,16.6323452152
0,16.6324581388
0,16.6371925191
1,16.6380892441
0,16.6427629897
1,16.645781801
0,16.6469720122
0,16.6471713762
0,16.653339077
1,16.6544323932
0,16.6588513372
0,16.6592857426
1,16.6630196677
0,16.6641346157
0,16.6642524607
1,16.665722566
0,16.6712131152
0,16.6727925265
1,16.676000899
0,16.6769975577
0,16.677133681
1,16.6813223706
0,16.6815037386
0,16.6835442809
0,16.6837197058
0,16.6898708664
0,16.6909643772
0,16.6917127064
1,16.6925260563
0,16.6937017176
0,16.700152195
0,16.705640645
1,16.7064290109
0,16.7071010115
0,16.7079921601
0,16.7095753858
0,16.7119353384
0,16.7130210265
1,16.714351042
0,16.7147915114
0,16.7172959592
0,16.7205539838
0,16.7229936447
1,16.729481268
1,16.7345212973
1,16.7348361615
0,16.7352792045
0,16.7428976565
1,16.746061436
0,16.7460745321
0,16.747623886
1,16.7512885
1,16.7529600429
0,16.7570061644
0,16.7580111034
1,16.7592567843
0,16.7595689415
0,16.7602152203
1,16.7617644102
0,16.7631218597
0,16.7640092141
1,16.7645646576
0,16.7696231874
1,16.772113728
0,16.7722072334
0,16.7724068093
1,16.7732895168
0,16.7734983668
1,16.7757347379
0,16.7785511632
0,16.778722207
1,16.780203503
0,16.7827103937
1,16.7828405196
1,16.7840414187
1,16.7843864918
1,16.7881333813
1,16.7904341565
1,16.7904841739
1,16.7931914297
0,16.7950366163
0,16.7965017996
1,16.797096114
1,16.7991757089
0,16.8031405301
0,16.8038780493
1,16.8149593246
1,16.8150606377
1,16.8157305622
0,16.8197307305
1,16.8201460665
0,16.8234979015
0,16.8236542889
1,16.8251913551
1,16.8264259439
1,16.8274026513
1,16.8303353749
0,16.8381154067
1,16.8432184297
1,16.8517198716
0,16.8521358461
1,16.8562875867
1,16.8609384432
1,16.8663910104
1,16.8674906738
0,16.8728223013
1,16.8754720449
0,16.8758689293
1,16.8779586441
1,16.8817426167
1,16.8820017533
0,16.8827160736
0,16.8842629098
1,16.8857977138
0,16.885813259
0,16.8899405142
1,16.8925346039
1,16.8925578839
0,16.8926560701
1,16.8938064134
0,16.8947368224
1,16.8955891127
1,16.8976495129
0,16.9001298459
0,16.9043006979
0,16.9059669842
0,16.9091193165
0,16.9113118203
0,16.9139156944
1,16.914539571
1,16.9154575075
0,16.9163401807
1,16.9177255363
0,16.9178209833
1,16.9195274889
1,16.9222482077
0,16.9240358779
1,16.9245781295
1,16.9259675819
0,16.9270282036
0,16.9308862747
0,16.9339610222
0,16.9340013466
0,16.9341047738
1,16.9353566172
1,16.9353755771
0,16.9413289774
0,16.9477706837
0,16.9519685514
0,16.9530231151
0,16.9531985515
1,16.9574733169
0,16.9633196932
0,16.9647649342
1,16.9661114224
1,16.9714888236
0,16.9725964528
1,16.9745932783
0,16.9763690064
0,16.9767866047
1,16.9812224256
1,16.9834508435
0,16.9839263863
1,16.9853676978
0,16.9858209531
0,16.9875570115
0,16.9880817675
0,16.9889528061
1,16.9902402308
1,16.9908841778
0,16.9932568616
1,16.994931839
1,16.9973181415
1,16.9999547021
0,17.002505046
1,17.0031363064
0,17.0048828588
1,17.006752102
0,17.0070932296
1,17.007538591
0,17.0091963313
1,17.0095176674
0,17.0143505707
0,17.0193980229
1,17.019642644
0,17.0198023252
0,17.0288412433
1,17.0297288301
0,17.0308454923
1,17.0335256586
0,17.0337193456
1,17.0348287634
0,17.0374448116
1,17.0374911437
1,17.0379626309
0,17.0396585092
1,17.039664118
0,17.0454023994
0,17.0457598908
1,17.0543523074
1,17.0563352111
0,17.0565244163
0,17.0573392051
1,17.059273465
1,17.0596326822
1,17.0608323688
1,17.0618096962
1,17.062680577
1,17.0637756086
1,17.0656386852
1,17.0717074063
0,17.0744577476
0,17.0760860545
1,17.0808329732
0,17.0812120962
1,17.0818022544
1,17.0831694949
1,17.0878232202
1,17.0906974457
0,17.0911949578
0,17.0918765564
0,17.093218467
1,17.0935552481
0,17.0942844296
1,17.0950844071
1,17.0955496591
1,17.0967486096
1,17.0977527926
0,17.1012378323
0,17.1036493849
0,17.1048654412
1,17.1057206924
1,17.1082815061
1,17.109344379
1,17.1105983218
1,17.112060219
0,17.1140037259
1,17.1143378188
1,17.1158620867
0,17.1196716586
0,17.1241820981
1,17.1250507511
0,17.1300515792
1,17.1340790832
0,17.1355283316
1,17.1363636934
1,17.1382920911
0,17.1425446056
0,17.1442319446
1,17.1460031672
0,17.1463987275
0,17.1464891497
1,17.1488887141
1,17.1490137756
1,17.1491782012
0,17.1568417444
1,17.1575903001
0,17.1598283802
1,17.1611202075
0,17.1621205256
1,17.1671134058
1,17.1694095278
1,17.169675368
1,17.1715787031
1,17.1743289695
0,17.1759584593
1,17.1775016372
1,17.179516688
0,17.1830668201
1,17.1842229188
0,17.1846425583
0,17.1860576261
1,17.1872386895
1,17.1912752571
1,17.193218725
0,17.1936992217
0,17.1945982019
1,17.1979591746
1,17.1993053638
0,17.2014752624
0,17.2031097851
1,17.2041192105
1,17.2068896591
0,17.2070755919
1,17.2085083645
1,17.2103647796
1,17.2114579561
1,17.2121427076
1,17.2146867306
0,17.2181298792
1,17.2186316159
1,17.219352527
1,17.2213906802
1,17.224294015
1,17.2269712284
0,17.2272319425
1,17.2331393104
0,17.2387074938
0,17.2446625691
1,17.2492824397
1,17.2505408049
1,17.2514320841
0,17.2516342369
1,17.2543780384
1,17.2557375703
1,17.2558462765
1,17.2584666073
1,17.2585769682
1,17.2617970941
1,17.2647949855
1,17.2666199212
0,17.2675235053
0,17.2679520108
1,17.271675491
1,17.2723786563
0,17.2751279562
1,17.2801811525
0,17.2816886119
1,17.2839600314
0,17.2889427109
0,17.2915983718
1,17.2949193892
1,17.2957368891
1,17.298787545
0,17.3057342936
1,17.3066150206
0,17.3114304084
1,17.3155989614
1,17.3199791729
1,17.3236469835
1,17.3245814466
1,17.3270712314
1,17.3274018291
1,17.3274824351
0,17.3282472625
1,17.3301366034
1,17.3327826545
0,17.3340817668
0,17.3356386224
0,17.3358093879
0,17.3358547756
1,17.3371270474
1,17.3373825298
1,17.3374701355
1,17.3377645758
0,17.3425525565
0,17.3437920115
1,17.3478878189
1,17.3515586069
1,17.3535517748
0,17.3565993279
1,17.3568577921
1,17.3582891958
0,17.3624809134
0,17.3641227894
1,17.3660412823
1,17.3667075996
1,17.3672266045
0,17.3683923329
1,17.3685239228
1,17.3686771182
1,17.3747364258
0,17.3764163944
1,17.3786355985
1,17.3790092844
1,17.379663298
1,17.3800076881
1,17.3810573294
0,17.3839805932
1,17.3843321008
0,17.3878991229
0,17.3888413943
0,17.3890837898
0,17.3913178999
0,17.3921066652
1,17.3925598728
1,17.3956498626
1,17.397260121
1,17.3991230118
1,17.4007384984
0,17.404313635
0,17.4045034104
0,17.4047711088
1,17.4078187764
0,17.4080116191
1,17.4083255806
1,17.4123881922
1,17.414946008
1,17.4154757253
1,17.4168789066
1,17.4209120346
1,17.422853374
0,17.425430911
1,17.4257513474
0,17.4275541038
1,17.4302602891
0,17.4309786875
1,17.4311697225
0,17.4321825519
1,17.4358121625
0,17.435836715
0,17.4430274858
1,17.4433028728
1,17.4487590973
1,17.4540050996
0,17.4553442615
1,17.4565078529
1,17.4570288474
1,17.4572235329
1,17.4574332188
1,17.4574396532
0,17.4584698385
1,17.4696845936
0,17.4706282418
1,17.4730401472
1,17.4741513035
0,17.4746660097
1,17.4758064416
1,17.4761326258
1,17.4793330889
1,17.4794728828
1,17.4794837248
0,17.4854358565
0,17.4856379859
0,17.4886030569
1,17.4891176084
0,17.490798336
1,17.4913040595
1,17.4914581833
0,17.4934481503
1,17.4939808247
1,17.4945555533
1,17.4979380063
1,17.4979690648
1,17.5011990657
1,17.5023047531
0,17.5083999459
1,17.5103976671
1,17.5111907777
0,17.5112407999
1,17.5133439955
0,17.5137022758
1,17.5138745316
0,17.5163068674
1,17.5212076751
1,17.5225208693
0,17.524136498
1,17.5246549104
1,17.5256354767
0,17.5270300984
1,17.5290061848
0,17.5311774309
1,17.5312141367
0,17.5325494657
0,17.535081079
1,17.5383879069
1,17.5398218167
0,17.5403331078
1,17.5419212009
1,17.5432223752
1,17.547052943
1,17.5473614438
1,17.5488578476
1,17.5514323797
0,17.5525531778
1,17.5528809298
1,17.5529646009
1,17.5553199301
1,17.5560787569
1,17.5567217951
0,17.5573208886
1,17.560921502
1,17.5629413079
1,17.5641869244
1,17.5644833086
0,17.5649652106
1,17.5708014952
1,17.5737279623
0,17.5752328926
1,17.5814336761
1,17.582430606
1,17.5847863335
1,17.5853578625
1,17.5867068517
1,17.5874572291
1,17.5930325238
1,17.5954949904
1,17.5995106773
1,17.6002468131
1,17.6003817662
1,17.6019254441
0,17.6028312232
0,17.6042557299
1,17.6100143289
1,17.6104211146
1,17.612132339
1,17.6133500189
0,17.6134567504
1,17.6141416182
1,17.6175700806
1,17.6175986726
1,17.619432693
1,17.6207094276
1,17.6209025564
1,17.6218903523
1,17.6221033675
1,17.6271422339
1,17.6273058642
0,17.6285622727
1,17.631297194
0,17.6354635199
1,17.6381221853
1,17.6383970444
1,17.6408420049
1,17.6411934549
0,17.6484399257
1,17.6485739591
0,17.6490546637
1,17.6555477531
1,17.660212023
1,17.6611862958
1,17.6634182971
0,17.6652158217
0,17.66783173
0,17.6686785658
1,17.6691374245
1,17.6713257473
1,17.6728639278
1,17.6765791525
1,17.6773842374
1,17.6786106318
0,17.6802225737
1,17.6819884767
0,17.6877982379
0,17.6885968951
1,17.6885976005
1,17.689347666
1,17.6953025761
0,17.6955588699
1,17.69593853
1,17.6960084591
1,17.6971132827
1,17.6972264622
0,17.6989509764
0,17.6994233647
1,17.6994963788
1,17.7008120659
0,17.7063319208
1,17.7067086089
1,17.7081203994
0,17.7093415899
1,17.7102645589
1,17.7120267516
1,17.7191279907
1,17.7207261733
0,17.7209340974
1,17.7241271664
1,17.7254799301
1,17.7286439853
1,17.7287026232
1,17.7344711577
1,17.7358245145
1,17.7411167716
1,17.7493308178
0,17.7508476894
0,17.7529171012
1,17.754638238
1,17.7578648891
1,17.7582479401
1,17.758457271
1,17.7586970359
1,17.7641076202
1,17.765103516
1,17.7652496392
1,17.7665236918
1,17.7680370045
1,17.7680552041
1,17.7682473363
1,17.7693219483
1,17.7700437617
1,17.7706937514
1,17.7732240972
0,17.7751007994
1,17.7766975222
1,17.7770278929
0,17.7776124897
1,17.7785821399
1,17.7787584039
1,17.7813253054
1,17.7869227209
0,17.790647004
1,17.7917887389
1,17.7927269652
1,17.7931648467
0,17.7963146926
1,17.7977935366
1,17.7985399008
0,17.8059638346
1,17.8099836521
1,17.8103772992
0,17.811019151
1,17.8111232621
0,17.8131683325
1,17.815181073
1,17.8176440358
1,17.8193972615
1,17.8197456383
1,17.8229830469
1,17.8242226636
1,17.8247666753
0,17.8266190548
0,17.8313531412
0,17.8321720871
0,17.8361845681
1,17.8367924898
1,17.838825407
1,17.839384845
1,17.8396877769
1,17.8398964652
1,17.8420183544
1,17.8489773745
1,17.84940225
1,17.8494821596
1,17.8536157313
1,17.8559197702
1,17.8582053272
1,17.8611978369
0,17.8638392336
1,17.8684931854
0,17.8688514603
1,17.872283568
0,17.8749505887
1,17.8753410439
1,17.8781407397
1,17.880151695
1,17.8818990218
0,17.8826437764
1,17.8826845736
0,17.8904973364
1,17.8911624907
1,17.8956978694
1,17.8960389877
1,17.8962826002
0,17.8976491336
1,17.8985611586
0,17.9019168743
1,17.9019968955
1,17.9039611355
1,17.9045654414
1,17.9066064842
1,17.9134984879
1,17.9148092446
1,17.9212563797
1,17.9238136944
0,17.9260158257
0,17.9289738918
1,17.9364082366
1,17.9374319019
1,17.9381429129
1,17.9394081264
1,17.9409803447
1,17.9436598574
1,17.9475791765
1,17.9493217045
1,17.9539743976
1,17.956356147
1,17.9569427486
0,17.9581860483
1,17.9585929404
1,17.9614629584
1,17.9622444991
0,17.9627319949
1,17.9662266935
1,17.9662513836
0,17.9704728161
0,17.9769751614
0,17.9789663377
1,17.9792446308
0,17.9808446829
1,17.984845648
0,17.9879407531
1,17.9882052851
1,17.9906444278
1,17.9921966876
1,17.9940296478
1,17.9950495067
1,17.9980314856
1,18.0006873417
1,18.0025892453
0,18.0030296092
1,18.0034701308
1,18.004222506
1,18.004848859
1,18.0080690582
1,18.008437486
1,18.0104565632
1,18.0215287888
1,18.023547865
1,18.0241910557
1,18.0267667084
1,18.0267711377
1,18.0287897917
1,18.02891112
1,18.0293961401
1,18.0299744001
1,18.032966836
1,18.0342479619
1,18.034879582
1,18.0348926125
1,18.0360686632
1,18.0377683923
1,18.0388456763
1,18.0399318183
1,18.0416657039
1,18.0420664862
1,18.0449336484
0,18.0458615928
1,18.0473263535
1,18.049221481
1,18.0504265045
1,18.0507883632
1,18.0510322823
1,18.0528085305
1,18.0534985073
1,18.0551016562
1,18.0551309514
1,18.057343726
1,18.0587407816
1,18.0599764753
1,18.0616617382
1,18.0623001243
1,18.0643322252
1,18.07022916
1,18.0755900339
1,18.0761157567
1,18.076838251
1,18.082307566
1,18.0851473722
1,18.0860254703
1,18.0903693481
1,18.0918234914
1,18.0921808831
1,18.0937743542
1,18.0940981549
1,18.09469615
1,18.09568811
0,18.0970210692
1,18.0993368116
1,18.1009915022
1,18.1012373071
1,18.1045582221
1,18.1053279723
1,18.1057266965
0,18.1105443166
1,18.1109186255
1,18.1109249766
0,18.1167803612
1,18.1197175913
1,18.1255863081
1,18.1272225989
1,18.129529759
1,18.1359862741
0,18.1366668602
1,18.1403976094
1,18.1406147076
1,18.1446012254
1,18.1503457452
1,18.150609299
1,18.150864243
1,18.1520569099
1,18.1521302823
1,18.15301626
1,18.1537566406
1,18.1639523584
1,18.164184244
1,18.1652771682
1,18.1689893469
1,18.1714315575
1,18.1733762743
0,18.1761411695
1,18.1816647081
1,18.1822134459
1,18.1839735526
1,18.1893149871
1,18.1893899744
1,18.1944707851
1,18.1962832382
1,18.1988680365
1,18.1999697886
0,18.2029817279
1,18.203256269
1,18.2034367855
1,18.2051562073
1,18.2081014516
0,18.2151857767
1,18.217077078
1,18.2202177192
1,18.2218795215
0,18.222800428
1,18.2262732043
1,18.2285679898
1,18.2285812485
1,18.2288058949
1,18.2306201064
0,18.2354768514
1,18.2373934372
1,18.239882371
1,18.2493445893
1,18.2502918098
0,18.2520831641
1,18.2549541667
1,18.2555568661
1,18.2584332181
1,18.2599626223
1,18.2599776672
1,18.2625476238
1,18.2634862513
1,18.2635037568
1,18.2637272377
0,18.2637416952
1,18.2641622651
1,18.2652709083
0,18.2660527366
1,18.2679646617
1,18.2738588968
1,18.2749481845
1,18.2767319715
1,18.2780328515
1,18.2783040521
1,18.2806811734
1,18.2822415653
1,18.2855081511
1,18.2855826168
1,18.2902731538
1,18.2953908792
1,18.2971002968
1,18.2986334594
1,18.3058756499
1,18.308168673
1,18.3093168471
1,18.3094772999
1,18.3114742322
1,18.3132775888
1,18.3139257359
1,18.316196847
1,18.316983561
1,18.3170592111
1,18.3188213607
1,18.3193680683
1,18.3252058753
1,18.3263618994
1,18.3298006571
1,18.3302793629
1,18.3332592463
1,18.3332959008
1,18.3334994784
1,18.3358793826
1,18.3377134914
1,18.3402421936
1,18.341278862
1,18.3442551304
1,18.3479928831
1,18.3489462992
1,18.3491542117
1,18.3507668167
1,18.3513025204
1,18.3538840895
0,18.3540795182
1,18.3560872453
1,18.3566981088
1,18.3635911044
1,18.364255946
1,18.3667968842
1,18.3682783817
1,18.368287384
1,18.3686710515
1,18.3697977617
1,18.3747869213
1,18.3751403356
1,18.3794279751
1,18.3819456575
1,18.3820945023
1,18.3871251862
1,18.387529147
1,18.3884558268
1,18.390347236
1,18.3930103072
1,18.3981451951
1,18.400434612
1,18.4020965494
1,18.4040717215
1,18.4057141831
1,18.4109797291
1,18.4141334508
1,18.4150567712
1,18.4163780762
1,18.4165799116
1,18.4166839666
1,18.4191055924
1,18.4193340171
1,18.4204447251
1,18.4214489048
1,18.4247970889
1,18.4248183018
1,18.4403244598
1,18.4420715354
1,18.4431257183
1,18.4442458494
1,18.4460970733
1,18.4475762998
1,18.449363958
1,18.4512116055
1,18.4537647388
1,18.4541700422
1,18.4542280554
1,18.4556260878
1,18.4558850935
1,18.4576982781
1,18.4598575297
1,18.4658894394
1,18.4680062755
1,18.469522443
1,18.4697380523
1,18.4702045826
1,18.4703736316
0,18.4707552614
1,18.4718514729
1,18.4763641987
1,18.4780498021
1,18.4795693376
1,18.480573067
1,18.4898170764
1,18.4977759384
1,18.4984466155
1,18.5053751967
1,18.5063648738
1,18.5090208443
1,18.5093544824
1,18.510469148
1,18.5135493709
1,18.5255197263
1,18.5293814592
1,18.5301749978
1,18.5344098564
1,18.5354196756
1,18.5408141626
1,18.5410272146
0,18.5416686215
1,18.5448793294
1,18.5455898743
1,18.5458615201
1,18.5470206233
1,18.5566753229
1,18.558939799
1,18.5609191937
1,18.562712359
1,18.5630548351
1,18.563835235
1,18.564870014
1,18.5653509121
1,18.5700001771
1,18.5718305688
1,18.5740085804
1,18.5759041935
1,18.5778477127
1,18.5788058658
1,18.5861508368
1,18.5908735319
1,18.5908961227
1,18.5927806804
1,18.5951411397
1,18.6024750336
1,18.6032486902
1,18.6033106693
1,18.6038013187
1,18.6052499625
1,18.6067450726
1,18.6109622371
1,18.6120271322
1,18.6124039742
1,18.6127437202
1,18.6140865963
1,18.6174237659
1,18.6194511248
1,18.6252681763
1,18.626935514
1,18.6270462828
1,18.6294659739
1,18.6297166745
1,18.6326308265
1,18.6336816531
1,18.63709438
1,18.6374302843
1,18.6404956003
1,18.6429899069
1,18.6459474211
1,18.6487690081
1,18.6496066043
1,18.6515780077
1,18.655881381
1,18.6566468653
1,18.6577219497
1,18.6578264389
0,18.6583339252
1,18.6586660456
1,18.6602539474
1,18.6602895248
1,18.6603999103
1,18.663859076
1,18.6639556883
1,18.6643342425
1,18.667794082
1,18.6684800016
1,18.668960584
1,18.6691974004
1,18.6723138444
1,18.6757287472
1,18.6797375479
1,18.6820583805
1,18.6820764954
1,18.6824469064
1,18.6859911124
1,18.6862392423
1,18.6865043841
1,18.6872128876
1,18.6876533051
1,18.6906461201
1,18.6979289398
1,18.6986255108
1,18.6990582513
1,18.6992786633
1,18.7052869325
1,18.7087288319
1,18.7093343386
1,18.7099912215
1,18.7138861953
1,18.7141497209
1,18.7184775518
1,18.7190760653
1,18.7235004674
1,18.7263513425
1,18.7268471281
1,18.7298063909
1,18.7313022977
1,18.7319456595
1,18.7359086898
1,18.7393850474
1,18.7396844183
1,18.7410792255
1,18.7417471112
1,18.7421729494
1,18.743507278
1,18.7464393457
1,18.7498395378
1,18.7504216409
1,18.7513418595
1,18.7524550176
0,18.7533418279
1,18.7536235318
1,18.7563525379
1,18.7682851605
1,18.770240268
1,18.7714225552
1,18.7716084871
1,18.7720843634
1,18.7775593376
1,18.7778355004
1,18.7790451636
1,18.7794343827
1,18.7868218546
1,18.788039392
1,18.7888893198
1,18.7896721567
1,18.7916610126
1,18.7964388939
1,18.796679757
1,18.7971922643
1,18.8014314309
1,18.8070020776
1,18.8071770753
1,18.8074423496
1,18.8093363743
1,18.8101147554
1,18.8221609171
1,18.826479661
1,18.8268664618
1,18.8306070539
1,18.8310701918
1,18.835533314
1,18.8386507115
1,18.8425751176
1,18.844360421
1,18.8448278744
1,18.8460045517
1,18.8493668483
1,18.8507531798
1,18.8561758412
1,18.8583279128
1,18.8629386766
1,18.8642762844
1,18.8648324004
1,18.8683873095
1,18.8702314
1,18.8731767697
1,18.8733868643
1,18.8749093475
1,18.8760642563
1,18.8761090181
1,18.8888097787
1,18.8892803385
1,18.8967017569
1,18.8970644741
1,18.8978854539
1,18.8994900892
1,18.9006011328
1,18.9011897305
1,18.9076732232
1,18.9100603043
1,18.9128838491
1,18.9157312244
1,18.9157444495
1,18.9181012767
1,18.9201508435
1,18.9252509936
1,18.9261144672
1,18.9298332513
1,18.9330293855
1,18.9347357348
1,18.9360669341
1,18.9427936085
1,18.9428278775
1,18.9432047593
1,18.9436219684
1,18.944068605
1,18.9449282171
1,18.9485469319
1,18.9544597086
1,18.9552631957
1,18.9555813408
1,18.9609505908
1,18.9620825831
1,18.9625433287
1,18.9634791024
1,18.9640242573
1,18.9641489706
1,18.9659833757
1,18.9667514781
1,18.9705288163
1,18.9706765422
1,18.9717896834
1,18.973874421
1,18.9775512596
1,18.9783479937
1,18.982531752
1,18.9825996715
1,18.9851564184
1,18.9873494435
1,18.9874483133
1,18.9878496339
1,18.9907294595
1,18.9909530963
1,19.0007862326
1,19.0058647256
1,19.0072646079
1,19.0090501224
1,19.011384609
1,19.0126430196
1,19.0140790883
1,19.026010924
1,19.0273308124
1,19.0287056447
1,19.0293131399
1,19.0300459165
1,19.0326422573
1,19.0351477885
1,19.0354369618
1,19.0369195812
1,19.0371486706
1,19.0393738924
1,19.0407535538
1,19.0417913715
1,19.0420587177
1,19.0436791205
1,19.0556100958
1,19.0559379116
1,19.0662436977
1,19.0672445138
1,19.0686559699
1,19.0703101617
1,19.0770226534
1,19.077843147
1,19.0822891483
1,19.0826717048
1,19.0828846936
1,19.0865746316
1,19.0874931624
1,19.0886859887
1,19.0887921626
1,19.0888829929
1,19.090345063
1,19.0903581646
1,19.0903901382
1,19.0937940505
1,19.0945128943
1,19.0977579526
1,19.1029988984
1,19.10484341
1,19.1052378128
1,19.1133146299
1,19.1134336197
1,19.1184729396
1,19.1193404008
1,19.1222098795
1,19.1225398824
1,19.123769554
1,19.1239708454
1,19.1248858887
1,19.1256082
1,19.1261063877
1,19.1279934646
1,19.1297574536
1,19.1315765726
1,19.1330899503
1,19.1345386989
1,19.1349469065
1,19.1384640018
1,19.1409409851
1,19.1437470016
1,19.1450476821
1,19.1464011732
1,19.1467565772
1,19.1468668998
1,19.1482309472
1,19.1494252436
1,19.149797865
1,19.16731596
1,19.1707360263
1,19.1710171941
1,19.1727953705
1,19.1755301466
1,19.1771440372
1,19.1789441707
1,19.1848324771
1,19.1863059694
1,19.1863920781
1,19.1886041431
1,19.1888320288
1,19.1893206811
1,19.1919644215
1,19.1924280989
1,19.2009018992
1,19.2026742933
1,19.2049134145
1,19.2074519343
1,19.2085186796
1,19.2102269186
1,19.2124233844
1,19.2157439689
1,19.2197092075
1,19.2219338379
1,19.2233424432
1,19.223972483
1,19.2240973976
1,19.2285383743
1,19.2291640759
1,19.2331071943
1,19.2362651062
1,19.2413902632
1,19.245110999
1,19.2480120929
1,19.2484296681
1,19.2498643981
1,19.2504312525
1,19.2529979781
1,19.2539830062
1,19.2543993302
1,19.2590192848
1,19.265095262
1,19.2666456937
1,19.2695158761
1,19.270301785
1,19.2704409663
1,19.2743632271
1,19.2758764552
1,19.2762456912
1,19.2763767729
1,19.2772878693
1,19.2782259037
1,19.279470285
1,19.2809733533
1,19.2826899698
1,19.2835462373
1,19.2864875669
1,19.2890088002
1,19.292250738
1,19.2958877608
1,19.2982272016
1,19.3017237051
1,19.3052400074
1,19.3057376953
1,19.3087757481
1,19.3100182737
1,19.3110644149
1,19.3116398214
1,19.3125932857
1,19.3179714059
1,19.3181192622
1,19.3211905439
1,19.3239216197
1,19.3261061055
1,19.3295100223
1,19.3298661877
1,19.3339482582
1,19.3343167808
1,19.3352600194
1,19.3355815868
1,19.3361824417
1,19.3366331474
1,19.3385656439
1,19.3387060326
1,19.3388314555
1,19.3394980214
1,19.3403188106
1,19.3409421769
1,19.3424232929
1,19.3454586824
1,19.350300032
1,19.3520994082
1,19.355453682
1,19.3557455686
1,19.3623541672
1,19.3631221936
1,19.3639549137
1,19.3651839438
1,19.3668230397
1,19.3687309542
1,19.3695900384
1,19.3704319907
1,19.3718099344
1,19.3748889654
1,19.3756525009
1,19.3759074359
1,19.3765720088
1,19.3767065273
1,19.3774236925
1,19.3774448728
1,19.3787823294
1,19.3801624278
1,19.3865383902
1,19.3875272013
1,19.3889477967
1,19.3889839054
1,19.3910793871
1,19.3911476413
1,19.3932505511
1,19.3956113903
1,19.3990530795
1,19.4015848516
1,19.4023375575
1,19.4024728555
1,19.4056241715
1,19.4059079882
1,19.4090297226
1,19.4096391769
1,19.4105679122
1,19.4108085956
1,19.4194649366
1,19.4230024647
1,19.423643677
1,19.4271575139
1,19.428747377
1,19.4333439614
1,19.4362730449
1,19.4417685705
1,19.4417738767
1,19.4443480049
1,19.4460178972
1,19.4463882957
1,19.4469147515
1,19.4488231657
1,19.4505692608
1,19.4515235612
1,19.4525525193
1,19.4539867842
1,19.4597992834
1,19.4604563785
1,19.4630150033
1,19.4692816529
1,19.4749656385
1,19.4772503104
1,19.4790120101
1,19.4821539502
1,19.482337748
1,19.4879860785
1,19.4887448116
1,19.4896247966
1,19.490701301
1,19.4914751757
1,19.4921748851
1,19.4937845285
1,19.4960932185
1,19.4964187998
1,19.4972523443
1,19.4992590335
1,19.505873537
1,19.5059246652
1,19.5070646152
1,19.5071284711
1,19.5111303125
1,19.5126668564
1,19.5133336815
1,19.513349955
1,19.5174464985
1,19.5182837955
1,19.5231601106
1,19.5234024583
1,19.5242601622
1,19.5276672291
1,19.5329393402
1,19.5334063346
1,19.534091141
1,19.536377388
1,19.5378075574
1,19.5435486527
1,19.5478649736
1,19.5528358034
1,19.5569138367
1,19.5580459788
1,19.5608010996
1,19.5629096292
1,19.5641795741
1,19.5671197801
1,19.5683144485
1,19.5700811413
1,19.5820856547
1,19.5831009806
1,19.5863195618
1,19.5910662762
1,19.5938596043
1,19.598421312
1,19.5992793629
1,19.6000363776
1,19.6012412822
1,19.6020925298
1,19.6042279543
1,19.6044679394
1,19.6067867718
1,19.6105636201
1,19.6114382623
1,19.6125789885
1,19.6135521854
1,19.6151036112
1,19.6157734832
1,19.618241171
1,19.6186088082
1,19.6200854029
1,19.6231855662
1,19.6250784842
1,19.6282988025
1,19.6356987562
1,19.6357518857
1,19.6359645362
1,19.6388206589
1,19.6390233616
1,19.6411916096
1,19.6440194078
1,19.6445115216
1,19.6539289503
1,19.6549878527
1,19.6609292087
1,19.6643127005
1,19.667146597
1,19.6682428156
1,19.6710518024
1,19.6747445605
1,19.6753234228
1,19.6760333552
1,19.6771281055
1,19.6786365024
1,19.6804800309
1,19.6837919661
1,19.6880019316
1,19.6907451859
1,19.6934876619
1,19.6957127755
1,19.6989851617
1,19.6993800731
1,19.7002688189
1,19.7094658895
1,19.7094824113
1,19.713416923
1,19.7152486047
1,19.7191407431
1,19.7230235661
1,19.7233137462
1,19.7233401938
1,19.7247417561
1,19.7279201948
1,19.7306597882
1,19.7326728271
1,19.7348963192
1,19.7359118274
1,19.7363646458
1,19.7366219519
1,19.7379057095
1,19.7459099655
1,19.7474907602
1,19.7495145138
1,19.7519855577
1,19.7538083382
1,19.755026662
1,19.7565647726
1,19.7586971465
1,19.7604956548
1,19.7628695987
1,19.7637950143
1,19.7644683301
1,19.768618329
1,19.7741932475
1,19.7755112067
1,19.7763046156
1,19.7763999323
1,19.7833176233
1,19.7835388174
1,19.783554247
1,19.7876688408
1,19.7887026134
1,19.7896635175
1,19.7901250861
1,19.7906648857
1,19.7907408575
1,19.7957929751
1,19.79684444
1,19.7979668507
1,19.8012825931
1,19.8037673354
1,19.8065882076
1,19.8072731927
1,19.8078140735
1,19.8104680547
1,19.8116911701
1,19.8117320023
1,19.8161946256
1,19.8263751855
1,19.8278077813
1,19.8285610896
1,19.8335677753
1,19.8341255758
1,19.8366097338
1,19.8410613282
1,19.8411269019
1,19.8436548308
1,19.8460881208
1,19.8481301043
1,19.8500195634
1,19.8502683513
1,19.850565959
1,19.850723291
1,19.8516326917
1,19.8547553031
1,19.8552964692
1,19.8585928114
1,19.8605491445
1,19.8632553232
1,19.8654777052
1,19.865971951
1,19.8680741727
1,19.8684995874
1,19.8693019855
1,19.8699914785
1,19.8778710942
1,19.8779267171
1,19.8807413596
1,19.8852604793
1,19.885377535
1,19.8904426354
1,19.8908927993
1,19.8932081116
1,19.8939248258
1,19.8943775336
1,19.8955693139
1,19.9015188704
1,19.9020848239
1,19.9052683993
1,19.9059739931
1,19.9115059266
1,19.9123541101
1,19.9133496026
1,19.9137875339
1,19.9141243048
1,19.917709978
1,19.9185861434
1,19.9189470116
1,19.9200346557
1,19.9201657935
1,19.921426726
1,19.9237019742
1,19.9296648752
1,19.9296779789
1,19.9309083755
1,19.9329673949
1,19.9330090205
1,19.9365852578
1,19.9371456849
1,19.938442036
1,19.947185659
1,19.9517139015
1,19.9518637879
1,19.9534550549
1,19.9559277322
1,19.9569320894
1,19.9595288377
1,19.9598124359
1,19.9624212452
1,19.970647835
1,19.9723572738
1,19.9742804098
1,19.9746455236
1,19.9750883676
1,19.975940213
1,19.9769412889
1,19.9779790155
1,19.9790271675
1,19.9791370557
1,19.9831427942
1,19.9838946236
1,19.986092011
1,19.986863328
1,19.9886464389
1,19.9915688181
1,19.9962063229
1,19.9996894055
1,19.9998488774
1,20.0014529948
1,20.008889956
1,20.0091509276
1,20.0119636002
1,20.0152119397
1,20.0166802523
1,20.0191162698
1,20.0194027764
1,20.020633748
1,20.0211345946
1,20.0241215296
1,20.0257328054
1,20.0265102646
1,20.0281702691
1,20.0339366802
1,20.0345856228
1,20.0364003909
1,20.0375237919
1,20.0455414181
1,20.0513427087
1,20.0531842022
1,20.06143503
1,20.0614809827
1,20.0650508576
1,20.0666923742
1,20.0744615164
1,20.0754029709
1,20.0774708769
1,20.079753325
1,20.081403034
1,20.0862940256
1,20.0871563152
1,20.0885935225
1,20.0914005445
1,20.0916569521
1,20.0917863245
1,20.0923735539
1,20.0933569637
1,20.0945108357
1,20.0951144533
1,20.096032121
1,20.0967377921
1,20.0969424096
1,20.0972144783
1,20.0984266524
1,20.1006542338
1,20.1035584917
1,20.105352257
1,20.1072221736
1,20.1121385613
1,20.1139079949
1,20.1146029598
1,20.1171948722
1,20.118929539
1,20.1234252965
1,20.1235037561
1,20.1238330592
1,20.1258064646
1,20.1262840854
1,20.1280508061
1,20.1283522201
1,20.1285909305
1,20.1317453737
1,20.1324233792
1,20.1346782041
1,20.1350355333
1,20.1359531789
1,20.1373832228
1,20.1373990023
1,20.1438026962
1,20.1471250467
1,20.1478340672
1,20.1490033144
1,20.1500023991
1,20.1507920031
1,20.1520277034
1,20.1528185721
1,20.1566273466
1,20.1566762227
1,20.1586014067
1,20.1603698602
1,20.1621591489
1,20.1635494618
1,20.1657269595
1,20.1661031353
1,20.1661987639
1,20.1682178289
1,20.1682292253
1,20.1697543979
1,20.1707166893
1,20.1721786476
1,20.1743413902
1,20.1765841896
1,20.1801031615
1,20.1821763339
1,20.1827115483
1,20.1832331866
1,20.1838939451
1,20.1846932444
1,20.1861820122
1,20.1874838284
1,20.187766297
1,20.1880974266
1,20.1882726631
1,20.1889134492
1,20.1911776021
1,20.1927620774
1,20.1956092594
1,20.1992902578
1,20.2022135389
1,20.2025943711
1,20.2031539017
1,20.2034005151
1,20.2050665809
1,20.2069622864
1,20.2084089658
1,20.2113425758
1,20.2127210618
1,20.2163957687
1,20.2169312822
1,20.2230025914
1,20.2265543336
1,20.2272461484
1,20.2307070003
1,20.2312034643
1,20.2315903396
1,20.2320031904
1,20.2341089384
1,20.234931328
1,20.2358810293
1,20.2390348613
1,20.2394619769
1,20.2433291102
1,20.2457097925
1,20.2486050805
1,20.2490501397
1,20.2491779451
1,20.2501850037
1,20.2550499119
1,20.2551704175
1,20.2561431285
1,20.2566590708
1,20.2608107036
1,20.2671404416
1,20.2691848723
1,20.2695529747
1,20.2733482977
1,20.2757181084
1,20.2790372312
1,20.282386068
1,20.2862893098
1,20.2897439743
1,20.2900767787
1,20.2910216489
1,20.2914723139
1,20.2916916183
1,20.2942434915
1,20.2970180691
1,20.2972189259
1,20.2988879498
1,20.3044958219
1,20.3070134136
1,20.309972981
1,20.3179638105
1,20.3181037452
1,20.3225588234
1,20.3299490933
1,20.3360615191
1,20.3379389803
1,20.3391322006
1,20.3438714112
1,20.3442723916
1,20.3483782206
1,20.3487756717
1,20.3488862883
1,20.3511789852
1,20.3521439049
1,20.3536133896
1,20.3541490074
1,20.3562946346
1,20.3564687114
1,20.3571534452
1,20.3585194052
1,20.3587012404
1,20.3621570197
1,20.3623961595
1,20.3641488144
1,20.3645634705
1,20.3659312097
1,20.3662594628
1,20.3678130195
1,20.3687658461
1,20.3706692777
1,20.3720272439
1,20.3724157474
1,20.3734798678
1,20.3736104238
1,20.3748814222
1,20.3750584135
1,20.3791639206
1,20.3824963433
1,20.386338737
1,20.3888422756
1,20.3891141394
1,20.3935177071
1,20.3940592055
1,20.394229617
1,20.394451845
1,20.3964915566
1,20.4033128425
1,20.4046424204
1,20.4060214276
1,20.4062781486
1,20.4111966319
1,20.4162886478
1,20.4169694704
1,20.4219332588
1,20.4227244048
1,20.4234604167
1,20.4261091834
1,20.4269802895
1,20.4271498463
1,20.431438571
1,20.4353925613
1,20.4378607363
1,20.4379543781
1,20.4409341076
1,20.4460474685
1,20.4516732387
1,20.4527028398
1,20.4620111409
1,20.4640134462
1,20.4651582355
1,20.46536838
1,20.4696371282
1,20.4697865439
1,20.472596209
1,20.4752991853
1,20.477888424
1,20.4781790654
1,20.4821415867
1,20.4891019255
1,20.4960313308
1,20.4975969409
1,20.4991971282
1,20.504219092
1,20.5080832944
1,20.5094966117
1,20.5102506375
1,20.5103030451
1,20.5103706924
1,20.5123978337
1,20.5137374925
1,20.5159006969
1,20.5185346031
1,20.5192254043
1,20.51924567
1,20.5234391976
1,20.5243596031
1,20.5246992649
1,20.5250984635
1,20.5298201655
1,20.5311721248
1,20.532236495
1,20.5357278484
1,20.5362798121
1,20.5389505757
1,20.5393544378
1,20.5395630044
1,20.5405035318
1,20.5430688726
1,20.5457802058
1,20.5469708726
1,20.5504802513
1,20.5518762755
1,20.5554012786
1,20.5573582853
1,20.5643873547
1,20.5724459636
1,20.5743285762
1,20.5769550891
1,20.5808536788
1,20.5818331722
1,20.5835852104
1,20.5837567691
1,20.5845170871
1,20.5845976612
1,20.5906458893
1,20.591417961
1,20.5923496167
1,20.5923728687
1,20.5943229657
1,20.5956220599
1,20.5963061862
1,20.5980169055
1,20.6027517092
1,20.604120505
1,20.6055908188
1,20.605641077
1,20.6111601212
1,20.6124020583
1,20.6169115133
1,20.6194839535
1,20.621496455
1,20.6275783423
1,20.6298248518
1,20.6318751788
1,20.6389574822
1,20.6405048675
1,20.6428924769
1,20.6441461548
1,20.6453064618
1,20.645816893
1,20.6487762212
1,20.648951553
1,20.6515967156
1,20.6548957285
1,20.6588975066
1,20.6591978339
1,20.6611215437
1,20.6633280447
1,20.6639431239
1,20.6657075237
1,20.6706079189
1,20.671109346
1,20.6747694302
1,20.675387733
1,20.6765714307
1,20.6800421783
1,20.6801545925
1,20.6818080012
1,20.6825965252
1,20.6831694784
1,20.6836582796
1,20.6840140391
1,20.6852408658
1,20.6926560374
1,20.6941231606
1,20.6990060291
1,20.7006180009
1,20.7032765695
1,20.705438189
1,20.7063227155
1,20.7101743316
1,20.7143660366
1,20.7151614237
1,20.7212956388
1,20.7238148577
1,20.7259718402
1,20.7296216866
1,20.7305262726
1,20.7313643815
1,20.7419945832
1,20.7434485401
1,20.7448568819
1,20.7465621667
1,20.75089162
1,20.7515962494
1,20.751873627
1,20.7529731408
1,20.7550650013
1,20.7556876163
1,20.7558579928
1,20.7605576163
1,20.761427688
1,20.762349437
1,20.76260766
1,20.7633796125
1,20.7655145598
1,20.7664611874
1,20.7685089818
1,20.7692781614
1,20.7710074925
1,20.7745244952
1,20.7765209482
1,20.784955756
1,20.7850381723
1,20.7876623173
1,20.7892651278
1,20.7911587563
1,20.7918298172
1,20.7948361786
1,20.7957766917
1,20.7958948464
1,20.7960870618
1,20.798982393
1,20.8011567402
1,20.8016902158
1,20.8026392955
1,20.8079812906
1,20.8083808916
1,20.8098351856
1,20.8138174578
1,20.815135336
1,20.8157148493
1,20.816246049
1,20.8177539525
1,20.8182100269
1,20.8225132229
1,20.8240469272
1,20.8275656569
1,20.8300531534
1,20.8321513199
1,20.8357777953
1,20.8415970788
1,20.8455038568
1,20.8461763026
1,20.8476310961
1,20.8484472487
1,20.8488292612
1,20.8490897105
1,20.8519208164
1,20.8519855089
1,20.8523402885
1,20.8578212735
1,20.8602249505
1,20.8678939269
1,20.8696292305
1,20.8726099619
1,20.8794851358
1,20.8825153885
1,20.8830864048
1,20.8847730688
1,20.8905589261
1,20.8936946914
1,20.8959259547
1,20.8998855563
1,20.9004399514
1,20.9020663292
1,20.9034699409
1,20.9035182955
1,20.9047019476
1,20.9055333919
1,20.9090637358
1,20.9103334605
1,20.9130213101
1,20.9147396637
1,20.9154355021
1,20.9176809945
1,20.9177948889
1,20.9204501355
1,20.9217437565
1,20.9225315905
1,20.9271091153
1,20.9272019714
1,20.9285699316
1,20.9304523811
1,20.9308508553
1,20.931784882
1,20.9389246926
1,20.9488297444
1,20.9489293288
1,20.9496709824
1,20.9509855198
1,20.9559828285
1,20.9561991814
1,20.9575472662
1,20.9577500847
1,20.9581975241
1,20.9602491568
1,20.9617347859
1,20.9645153541
1,20.9647604066
1,20.9688707463
1,20.9693466108
1,20.9754615387
1,20.9771262325
1,20.9774494716
1,20.9778082031
1,20.9818098491
1,20.9878607078
1,20.9885388055
1,20.9898706149
1,20.9901156525
1,20.9965790566
1,21.0014000961
1,21.0034454491
1,21.004018164
1,21.0071193227
1,21.0081268698
1,21.008289292
1,21.0151365899
1,21.0154594353
1,21.0159286364
1,21.0205132519
1,21.02240093
1,21.0254587643
1,21.0259763196
1,21.0287390285
1,21.029317757
1,21.029618718
1,21.0303039587
1,21.0305570689
1,21.0305735798
1,21.0320969413
1,21.0328929938
1,21.0384454606
1,21.0392185778
1,21.0465315994
1,21.0491131005
1,21.0492114538
1,21.0512490046
1,21.0519863157
1,21.0547954862
1,21.0562257107
1,21.0606469173
1,21.0760828637
1,21.0779634511
1,21.0869425367
1,21.0893541883
1,21.0899476738
1,21.0901364348
1,21.0910692928
1,21.0945777696
1,21.0985083939
1,21.0995040763
1,21.1049527506
1,21.1060233324
1,21.1064675056
1,21.1079066251
1,21.1121107757
1,21.1150736381
1,21.1183850274
1,21.1236764673
1,21.1272287038
1,21.131344237
1,21.1342516441
1,21.1342935418
1,21.1345870668
1,21.1348267641
1,21.1396860678
1,21.1424037802
1,21.1466175699
1,21.1490155731
1,21.1512008037
1,21.1515309494
1,21.1567968831
1,21.1582993662
1,21.1618327693
1,21.1640260924
1,21.1663509375
1,21.1732997515
1,21.1736153118
1,21.1751204312
1,21.1794818538
1,21.1796196853
1,21.1801572797
1,21.1803971417
1,21.1807340359
1,21.1825432492
1,21.1826053075
1,21.1864413523
1,21.1876721942
1,21.1881088174
1,21.1887480279
1,21.1907802645
1,21.1933071133
1,21.1945961931
1,21.1946579437
1,21.1971113477
1,21.1976314944
1,21.1984536818
1,21.1984633557
1,21.2008613237
1,21.2142971073
1,21.2146730334
1,21.2157194018
1,21.2200996664
1,21.2230912461
1,21.2234924239
1,21.2242741215
1,21.2268761605
1,21.2293059166
1,21.231560332
1,21.2343513702
1,21.2356079536
1,21.2399813424
1,21.2410610057
1,21.2418743751
1,21.2447696406
1,21.2465701148
1,21.2469093285
1,21.2490691601
1,21.2510162355
1,21.2532505067
1,21.2546637147
1,21.2550744976
1,21.2578726784
1,21.260750112
1,21.2608493885
1,21.2659121007
1,21.2661890255
1,21.2682478391
1,21.2718744746
1,21.2731653952
1,21.2754952107
1,21.2761206491
1,21.2809792453
1,21.2860350249
1,21.2860808178
1,21.2871873745
1,21.2920774083
1,21.2956375192
1,21.2970102638
1,21.2984955263
1,21.2993937878
1,21.3019178743
1,21.3039711534
1,21.3071465363
1,21.3099579232
1,21.3106695098
1,21.3111246947
1,21.3129489141
1,21.3170869676
1,21.3173634761
1,21.3195500747
1,21.321585368
1,21.322982344
1,21.3237969119
1,21.3247971246
1,21.3263823754
1,21.329375236
1,21.3304541446
1,21.3319732485
1,21.3353837793
1,21.3355691627
1,21.3410984119
1,21.3436873249
1,21.3490048402
1,21.3519082941
1,21.3529161213
1,21.3545389672
1,21.3546157045
1,21.3552201984
1,21.3554871264
1,21.3560978231
1,21.3561543754
1,21.3564900372
1,21.3582919014
1,21.3601507217
1,21.3675152166
1,21.3675492687
1,21.3754669763
1,21.3769512849
1,21.3807825487
1,21.383001703
1,21.3833792935
1,21.3835203516
1,21.3845615693
1,21.3894115055
1,21.3897072576
1,21.3921501831
1,21.3934921793
1,21.3950867961
1,21.3989147693
1,21.3991320129
1,21.3992275642
1,21.4004913527
1,21.4080935771
1,21.4118147653
1,21.4118152755
1,21.4205903168
1,21.4210100318
1,21.4222376487
1,21.4295317024
1,21.4328545284
1,21.4344919183
1,21.4365507705
1,21.4366727412
1,21.4372218546
1,21.4408388693
1,21.4418671521
1,21.4420146011
1,21.4492526802
1,21.4505368927
1,21.4540285362
1,21.4590191115
1,21.4626852189
1,21.465765863
1,21.4698454313
1,21.4750996375
1,21.4759140747
1,21.4759266401
1,21.482606727
1,21.4862619809
1,21.4875438971
1,21.4883235669
1,21.4894273111
1,21.4895371485
1,21.497078041
1,21.5012445391
1,21.5035245255
1,21.5041021145
1,21.5057029397
1,21.5068010863
1,21.5112809306
1,21.5131484656
1,21.5148630398
1,21.5152460772
1,21.5165815081
1,21.5169068322
1,21.5197340387
1,21.5208501903
1,21.5243539156
1,21.5286821622
1,21.5292819693
1,21.5401580886
1,21.5412611674
1,21.5414549549
1,21.5460350157
1,21.5503002712
1,21.5506142378
1,21.5563474661
1,21.558085862
1,21.5581235452
1,21.5587765786
1,21.559739562
1,21.5637696119
1,21.5650398727
1,21.5656188636
1,21.5682298152
1,21.5684795663
1,21.5685489303
1,21.5762209809
1,21.5782919188
1,21.5853257643
1,21.5853878697
1,21.5862152383
1,21.5874971721
1,21.5960276377
1,21.5973688133
1,21.6058742065
1,21.6073231214
1,21.6125992314
1,21.6128158476
1,21.6134036573
1,21.6144202061
1,21.6171618588
1,21.6183283529
1,21.6290495523
1,21.6368675393
1,21.6386774926
1,21.6392671683
1,21.6487228403
1,21.6489839336
1,21.651679187
1,21.6527426513
1,21.6547805984
1,21.6605846276
1,21.6693191976
1,21.6709384151
1,21.6716807086
1,21.6720102304
1,21.6721478238
1,21.6779490866
1,21.6818231194
1,21.6826741807
1,21.6829772011
1,21.6862430288
1,21.6880824886
1,21.697045424
1,21.6974661871
1,21.7002044133
1,21.7010103772
1,21.7049017334
1,21.705177603
1,21.7055225086
1,21.7063782756
1,21.7073594379
1,21.7076192525
1,21.7089250227
1,21.7129521522
1,21.7215831969
1,21.7236348325
1,21.7273522777
1,21.7274524317
1,21.7274570976
1,21.7279956145
1,21.7344641155
1,21.7349088389
1,21.7406667005
1,21.7442679666
1,21.7508353748
1,21.7542461255
1,21.7617555804
1,21.7628815165
1,21.7657649238
1,21.7667724093
1,21.7671683323
1,21.7844583773
1,21.7846899936
1,21.7856295683
1,21.7898800796
1,21.7901994287
1,21.7928244784
1,21.7929021306
1,21.7937377787
1,21.7976929193
1,21.7997016754
1,21.8016833702
1,21.8017553852
1,21.8036783524
1,21.8076872599
1,21.8103398615
1,21.8162192057
1,21.8226017032
1,21.8228214184
1,21.8258892669
1,21.8264279187
1,21.8274580787
1,21.8329962687
1,21.841795849
1,21.8472587429
1,21.8521589303
1,21.853392042
1,21.8554729112
1,21.8596787488
1,21.8679616025
1,21.873491617
1,21.8739949933
1,21.8781859196
1,21.883646935
1,21.8866096873
1,21.8881254604
1,21.8893342564
1,21.8918634832
1,21.8921496191
1,21.8950738337
1,21.9014604502
1,21.9081738804
1,21.9101952156
1,21.911205528
1,21.915140159
1,21.916426012
1,21.9165821086
1,21.9233943584
1,21.9293347541
1,21.9364290866
1,21.9369775555
1,21.9379674642
1,21.9496340265
1,21.9501749441
1,21.9509781958
1,21.9516971407
1,21.9535042298
1,21.9559001292
1,21.9583098838
1,21.9621227348
1,21.9633716891
1,21.9647139012
1,21.9691457479
1,21.9699713752
1,21.9736712117
1,21.9738407545
1,21.9758843261
1,21.9760703446
1,21.9761765635
1,21.9833091692
1,21.990378687
1,21.9908895233
1,21.9926147615
1,21.9955504005
1,21.9998186378
1,22.0001494768
1,22.0050508023
1,22.0078917127
1,22.0153812344
1,22.0168316685
1,22.0188115813
1,22.0287128884
1,22.029092586
1,22.0343992569
1,22.0361624929
1,22.0374747018
1,22.0375752173
1,22.0387625111
1,22.0429294615
1,22.0433875194
1,22.0444430201
1,22.0485339281
1,22.0498362484
1,22.0518604076
1,22.0560024122
1,22.0567274324
1,22.0575981999
1,22.0580904714
1,22.0590648461
1,22.0681213827
1,22.0710728519
1,22.0721187486
1,22.0727598462
1,22.073107187
1,22.0758765401
1,22.0803227148
1,22.0833712264
1,22.0888334691
1,22.0909810021
1,22.0969224636
1,22.1046917715
1,22.1057331402
1,22.1103401291
1,22.111650176
1,22.1121352194
1,22.1124972753
1,22.120062282
1,22.1214125277
1,22.1217197246
1,22.1224921614
1,22.1256465401
1,22.1293259308
1,22.1323004259
1,22.1346441159
1,22.1365076779
1,22.1486104734
1,22.155237665
1,22.1564389745
1,22.1575730938
1,22.1582553953
1,22.1591167154
1,22.1594735797
1,22.1613237983
1,22.162252755
1,22.1641022968
1,22.1656737645
1,22.1665501331
1,22.1746058277
1,22.1781347644
1,22.1807319617
1,22.1815173708
1,22.1830317415
1,22.1938491147
1,22.196997854
1,22.1982418916
1,22.1983886569
1,22.1987381
1,22.2053062102
1,22.2064729058
1,22.2078354137
1,22.2079410478
1,22.2101077351
1,22.2103588309
1,22.211111236
1,22.2124213884
1,22.2132631206
1,22.214676151
1,22.2247903989
1,22.2270920023
1,22.2272382252
1,22.2303708841
1,22.2314201465
1,22.2373751998
1,22.238516779
1,22.2437211247
1,22.244261616
1,22.2462053973
1,22.2500223835
1,22.2598143946
1,22.2679760051
1,22.272175664
1,22.2738832952
1,22.2749849699
1,22.2761556135
1,22.2833650473
1,22.2875393235
1,22.287794005
1,22.2927154731
1,22.2931424191
1,22.295211038
1,22.2964557465
1,22.29680189
1,22.2983917444
1,22.3096584648
1,22.3171222185
1,22.3188407202
1,22.3237031561
1,22.32504984
1,22.3283372926
1,22.3303851467
1,22.3311431347
1,22.3330434888
1,22.3361469936
1,22.339682386
1,22.3415851889
1,22.3459882648
1,22.3470757645
1,22.3472739627
1,22.3482348561
1,22.3512424547
1,22.3514004189
1,22.3564596045
1,22.3576271224
1,22.3612143871
1,22.3639216132
1,22.3690721043
1,22.3733460382
1,22.3754133132
1,22.3787880117
1,22.3808862908
1,22.3809735248
1,22.3814444502
1,22.3840066066
1,22.388434206
1,22.4004145736
1,22.4054551801
1,22.4072405363
1,22.4077977238
1,22.4080283239
1,22.4090360934
1,22.4243586324
1,22.4254196125
1,22.4387556284
1,22.4439817896
1,22.4456255827
1,22.4468727352
1,22.4552417549
1,22.4719910138
1,22.4729727782
1,22.4735133492
1,22.4745759957
1,22.4762890015
1,22.4809934337
1,22.4928193161
1,22.4932699384
1,22.4953458865
1,22.4954231035
1,22.4983940546
1,22.5086007569
1,22.5110821743
1,22.5172061076
1,22.5179561433
1,22.5210222044
1,22.5249821848
1,22.5255433459
1,22.5264661631
1,22.5317944917
1,22.5326924646
1,22.5380467455
1,22.5404159419
1,22.5422667428
1,22.5464881857
1,22.5473000487
1,22.5480737022
1,22.5495694471
1,22.5527009532
1,22.5533311403
1,22.5622982195
1,22.5638952593
1,22.5688122648
1,22.5706056779
1,22.5751269404
1,22.5754113484
1,22.5784784039
1,22.5812473092
1,22.5829726173
1,22.588133582
1,22.5892669169
1,22.5914353023
1,22.5927517483
1,22.5978085166
1,22.599859727
1,22.6024264555
1,22.6030072836
1,22.6047663746
1,22.6101320393
1,22.6126284275
1,22.6134271434
1,22.6151406325
1,22.6235891062
1,22.6245684383
1,22.6265788859
1,22.6449717803
1,22.6583992066
1,22.6616370529
1,22.6695004222
1,22.6715282518
1,22.6769969479
1,22.6797642363
1,22.6839851052
1,22.6858270597
1,22.6872677694
1,22.6875269864
1,22.6892576419
1,22.6921584171
1,22.6946283503
1,22.7037581493
1,22.7048289921
1,22.7071780033
1,22.7120318622
1,22.7136295228
1,22.7137701105
1,22.7143899358
1,22.7155159628
1,22.716629089
1,22.7190079721
1,22.7229760817
1,22.7286678466
1,22.7289746155
1,22.7299801743
1,22.7319164351
1,22.7320047526
1,22.7425178493
1,22.7477960363
1,22.7514314209
1,22.7579089757
1,22.7583514316
1,22.7601835925
1,22.7602998791
1,22.7614808488
1,22.7614898915
1,22.7743352806
1,22.7783662803
1,22.7798753666
1,22.782377136
1,22.7831924088
1,22.7843013982
1,22.7855915082
1,22.7858961114
1,22.7870263176
1,22.7959062191
1,22.7959619213
1,22.7983448682
1,22.7992139029
1,22.8096019243
1,22.8102099721
1,22.8139742427
1,22.8214803845
1,22.825222688
1,22.8263456725
1,22.8341938756
1,22.8400482072
1,22.8404211174
1,22.8419421206
1,22.8434816008
1,22.8440885682
1,22.8446595956
1,22.8460087511
1,22.8478959907
1,22.8522679196
1,22.8642183559
1,22.8642423789
1,22.8762097749
1,22.881357572
1,22.8894757537
1,22.8916639964
1,22.9109687545
1,22.9116220073
1,22.9177499151
1,22.9220007975
1,22.9238406031
1,22.9294904434
1,22.9296325325
1,22.9306370965
1,22.9354711742
1,22.9396315606
1,22.93974426
1,22.9409617243
1,22.9415144123
1,22.9437333791
1,22.9451426905
1,22.9467020356
1,22.9468383828
1,22.9472022677
1,22.9541940133
1,22.9646167296
1,22.9717573541
1,22.9767700276
1,22.9772527542
1,22.9827279184
1,22.9857242809
1,22.9926673387
1,22.9946886432
1,22.9993189836
1,23.0059678947
1,23.0079883463
1,23.0120848192
1,23.0123173091
1,23.012823932
1,23.0296178064
1,23.0342462827
1,23.0437334279
1,23.0443018657
1,23.0469755847
1,23.0562508888
1,23.0585716153
1,23.0603725604
1,23.0606536334
1,23.0608194981
1,23.0667390065
1,23.0750987979
1,23.075870702
1,23.0776477353
1,23.0793812095
1,23.0815900841
1,23.087510302
1,23.09044484
1,23.1013504311
1,23.1082353754
1,23.1101925417
1,23.1215426969
1,23.1219835075
1,23.1290494612
1,23.1338259685
1,23.1340081334
1,23.1365542973
1,23.1385687872
1,23.141359662
1,23.1461043132
1,23.1488630411
1,23.1539793744
1,23.156479849
1,23.1579384505
1,23.1597556006
1,23.1600470757
1,23.1629047505
1,23.167873132
1,23.1683587709
1,23.1747677192
1,23.1771346555
1,23.1774049778
1,23.1925312198
1,23.1966671302
1,23.1971093349
1,23.1986347578
1,23.2005013891
1,23.2025273101
1,23.205226917
1,23.2095360174
1,23.2188515272
1,23.2425275515
1,23.2459681252
1,23.2579373325
1,23.2600244393
1,23.2634436463
1,23.2799956237
1,23.2811058753
1,23.2889458072
1,23.2905586551
1,23.304403681
1,23.3081613584
1,23.3134819175
1,23.3176491998
1,23.3177523456
1,23.3220907807
1,23.3226969822
1,23.3292954777
1,23.3326300172
1,23.3399408861
1,23.3406517294
1,23.3446898032
1,23.3467411368
1,23.348828438
1,23.3603024901
1,23.362127906
1,23.3655953587
1,23.3725734061
1,23.3730539169
1,23.3733567124
1,23.3769998929
1,23.3815271327
1,23.3841626597
1,23.3847278456
1,23.3862877742
1,23.3945097104
1,23.3949048699
1,23.4011942404
1,23.4025842655
1,23.4097819279
1,23.4156588475
1,23.4361665304
1,23.4455763416
1,23.4623681562
1,23.4664854295
1,23.4702952608
1,23.4870671208
1,23.4878658786
1,23.4904227166
1,23.4915289987
1,23.4934145409
1,23.4947405271
1,23.5064718217
1,23.5142617414
1,23.5161786004
1,23.5184744276
1,23.5199529452
1,23.5218602494
1,23.5337411033
1,23.5368199601
1,23.5431519229
1,23.5485947707
1,23.5516693151
1,23.5572872818
1,23.5588534119
1,23.563650493
1,23.5717488652
1,23.5726389295
1,23.5798216183
1,23.5840595425
1,23.5900754671
1,23.6044157631
1,23.6075374671
1,23.6094273392
1,23.6166780318
1,23.6170476808
1,23.6191168009
1,23.6234328667
1,23.6242771608
1,23.629819753
1,23.6369580366
1,23.6426907171
1,23.6485037607
1,23.6524324591
1,23.6595147154
1,23.6598176481
1,23.6620368002
1,23.6622571225
1,23.6635214034
1,23.6750196469
1,23.6869897555
1,23.6881923973
1,23.6884056547
1,23.6932973492
1,23.695123537
1,23.6962750674
1,23.7098062728
1,23.7169286905
1,23.7235079102
1,23.7257350253
1,23.7259936882
1,23.7277137173
1,23.7281264133
1,23.7313174827
1,23.7358822616
1,23.736634656
1,23.7492625218
1,23.7674766681
1,23.7794717338
1,23.7877365031
1,23.7970752006
1,23.7991722943
1,23.8027712422
1,23.8179653247
1,23.8212195182
1,23.8266099037
1,23.8308981721
1,23.8322287675
1,23.835067894
1,23.843688208
1,23.8491700527
1,23.8516327974
1,23.8713526931
1,23.8753224431
1,23.8845618183
1,23.8864373609
1,23.888759216
1,23.8933961291
1,23.8971419328
1,23.9019437471
1,23.9037685022
1,23.9058674423
1,23.9060607924
1,23.9117044996
1,23.9220229131
1,23.9394953262
1,23.9411502732
1,23.9420934353
1,23.9528844399
1,23.9556089975
1,23.961890483
1,23.963316019
1,23.9730507112
1,23.9776788827
1,23.9798972745
1,23.990460953
1,23.9917680004
1,23.9925665775
1,23.9929341523
1,23.9943006796
1,23.9943681968
1,23.9967941035
1,24.0105196456
1,24.0121921298
1,24.0122362163
1,24.015212019
1,24.0283762848
1,24.0310121932
1,24.0335009194
1,24.0337596065
1,24.0338830483
1,24.0414624043
1,24.0449617753
1,24.0573588312
1,24.0711130343
1,24.080794442
1,24.0846002377
1,24.0847465768
1,24.0878095654
1,24.0883080168
1,24.0926900599
1,24.1027409427
1,24.1273966193
1,24.1446254364
1,24.1526821638
1,24.1632579639
1,24.1681847875
1,24.1740479184
1,24.1753073407
1,24.175337037
1,24.1831819809
1,24.1937335191
1,24.1946002663
1,24.2051163265
1,24.205376346
1,24.2098130176
1,24.2200349943
1,24.2227211191
1,24.2359200633
1,24.2473598762
1,24.2511718181
1,24.2636475837
1,24.2811455714
1,24.2907189709
1,24.2972071317
1,24.3086110865
1,24.3148509058
1,24.3235545525
1,24.3290956486
1,24.3315012967
1,24.3329714586
1,24.3420747404
1,24.3550845844
1,24.3617177007
1,24.3621539747
1,24.3628021013
1,24.3728774107
1,24.3848648837
1,24.3994360962
1,24.4058070929
1,24.4066642066
1,24.4144517971
1,24.4170346
1,24.4191175496
1,24.4197527437
1,24.427027431
1,24.445099046
1,24.4496918902
1,24.4527037488
1,24.4544667237
1,24.4602927374
1,24.467470822
1,24.477887917
1,24.4815593189
1,24.4913992849
1,24.4939871027
1,24.5130930514
1,24.5167411235
1,24.5311752735
1,24.540120258
1,24.5420140875
1,24.5445923851
1,24.5510851443
1,24.552999171
1,24.5759658179
1,24.5834418051
1,24.5841936798
1,24.5891937513
1,24.5997221308
1,24.599855616
1,24.6139406806
1,24.6312012137
1,24.6432151159
1,24.64532341
1,24.6472793403
1,24.652661264
1,24.6542258529
1,24.6575668068
1,24.705285864
1,24.7081912248
1,24.7139236213
1,24.7220293169
1,24.7284685579
1,24.7422707463
1,24.7580608711
1,24.7619980433
1,24.7672953679
1,24.7680568228
1,24.7750689741
1,24.7811737639
1,24.7886102764
1,24.7915528092
1,24.7991050209
1,24.8052211927
1,24.8197107593
1,24.8214439537
1,24.839865626
1,24.8486808136
1,24.8529908987
1,24.8589669112
1,24.8634608012
1,24.8690140428
1,24.873314139
1,24.8821869428
1,24.9201504508
1,24.931836575
1,24.9549244205
1,24.9554634627
1,24.9607037786
1,24.9644118923
1,24.9767408747
1,24.9783559865
1,24.990511867
1,24.9938895953
1,25.0043308363
1,25.0057908091
1,25.0096011416
1,25.0220796485
1,25.0263346042
1,25.0413137093
1,25.0556884389
1,25.0566783371
1,25.0642372222
1,25.0731702671
1,25.0796873236
1,25.1055732172
1,25.1095618181
1,25.1113620225
1,25.1180945548
1,25.1198132345
1,25.1505820926
1,25.1835781439
1,25.1967341244
1,25.2056611579
1,25.2064629623
1,25.2122177045
1,25.2130089009
1,25.2163245012
1,25.2398514851
1,25.240673354
1,25.2433280555
1,25.2505114228
1,25.2558918863
1,25.2615802503
1,25.2673703598
1,25.289930789
1,25.3268036745
1,25.3342361595
1,25.3426196543
1,25.3572609123
1,25.3595591195
1,25.3670100165
1,25.3917057841
1,25.3985527683
1,25.4046406029
1,25.4094402003
1,25.4403942698
1,25.4598018409
1,25.4612233219
1,25.4616099197
1,25.4753702893
1,25.4809307418
1,25.4869222626
1,25.4912276734
1,25.5060795337
1,25.5081524548
1,25.5137169055
1,25.5423831356
1,25.5455604754
1,25.5730248208
1,25.5734817312
1,25.5790721747
1,25.5807753005
1,25.6041088065
1,25.607538725
1,25.609818568
1,25.6226556721
1,25.6487796829
1,25.6501939967
1,25.6708749057
1,25.6920685971
1,25.6945499803
1,25.7007444732
1,25.7470899229
1,25.7497622823
1,25.7524715799
1,25.7579387537
1,25.7772512756
1,25.7780890579
1,25.7964681592
1,25.8009955897
1,25.844555523
1,25.9086887511
1,25.935030682
1,25.9534122683
1,25.9554997175
1,25.9672679522
1,26.0024194575
1,26.0025209701
1,26.0055475994
1,26.025284221
1,26.0320265125
1,26.0557494602
1,26.0762812151
1,26.0872722616
1,26.1061271066
1,26.11235283
1,26.1148153008
1,26.147549237
1,26.1495754476
1,26.1545539709
1,26.2337146744
1,26.2386082084
1,26.2662347617
1,26.2810835029
1,26.2835318556
1,26.2905932828
1,26.2973599456
1,26.327543933
1,26.345166336
1,26.3507333029
1,26.429034587
1,26.4718266477
1,26.4816354994
1,26.5027444498
1,26.5126358328
1,26.5178243624
1,26.5180248457
1,26.5248487458
1,26.5827406458
1,26.6110564502
1,26.6378570615
1,26.6626251674
1,26.6652985738
1,26.7016943283
1,26.8678362032
1,26.918404647
1,27.0317651712
1,27.1652510963
1,27.2536025528
1,27.2849264221
1,27.779363083
1,27.962458483
1,27.9757982057
1,29.0474810072
